174,rose best The Tale of Squirrel Nutkin book,4,74
230,violet best watch,88,570
104,violet quality fork,41,349
273,violet older endpiece,197,561
287,red shiny sink,55,939
41,white vintage soundbox,183,612
25,khaki best Billy Bunter of Greyfriars School book,111,469
21,violet good mitts,172,952
111,black 5star The Lord of the Rings book,196,571
115,coral shiny raincoat,163,524
66,black matte jeans,183,806
103,purple best Winnie-the-Pooh book,42,492
289,orange good trousers,120,973
259,teal great headset,35,768
209,burgundy cool coffee,158,547
135,beige nice yogamat,73,507
108,orange best keyboard,137,386
260,maroon best grinder,186,415
183,blue good dongle,2,718
75,green latest Winnie-the-Pooh book,149,775
276,charcoal 5star khakis,40,973
260,blue dull bedframe,12,450
243,maroon matte brita,123,338
154,tan cool flower,60,410
133,blush good sweatshirts,108,137
232,teal nice jorts,52,388
138,pink 5star mixer,162,55
3,oatmeal matte couch,181,7
44,lime matte oven,96,164
290,violet quality plate,133,734
209,blush matte sofa,194,790
133,silver quality The Queen of Air and Darkness book,169,400
145,orange older The Lost Prince book,138,463
146,coral nice ties,74,116
119,purple older gadget,40,439
158,grey 5star buttondown,168,991
11,yellow quality mask,14,911
113,green good The Phoenix and the Carpet book,65,222
197,magenta 5star conditioner,66,528
274,white cool projector,73,908
279,silver vintage volumizer,21,960
220,green 5star lithium,173,8
199,blue nice bandanas,12,304
71,coral quality pomade,37,896
250,brick nice camisole,72,188
46,violet good vitamin,184,946
227,grass 5star vitamin,129,508
113,black shiny soap,144,99
291,rust 5star painting,51,768
66,tan vintage Winnie-the-Pooh book,14,774
30,lime quality Swallowdale book,45,355
193,white great mattress,40,70
182,tan matte The Tale of Peter Rabbit book,31,106
149,bronze best faucet,196,114
121,violet best watch,37,52
165,red 5star battery,3,383
116,burgundy 5star pill,1,43
58,salmon 5star The Tale of Mrs. Tiggy-Winkle book,26,818
293,cream best The Lost Prince book,189,786
64,black dull cord,192,153
235,blush older buttonup,124,495
292,violet 5star Winnie-the-Pooh book,55,218
22,teal older soap,133,935
128,purple quality suit,53,817
228,brick matte booties,120,811
146,purple older gadget,118,952
12,grey nice The Hobbit book,4,664
130,brick nice legging,43,767
122,purple best speaker,192,558
166,rose latest microwave,109,803
143,burgundy quality Biggles Flies East book,134,420
234,gold great landline,195,498
145,beige older flosser,53,25
256,violet older pill,75,949
288,magenta nice socks,64,153
248,cream nice The Candle in the Wind book,145,539
55,tin vintage belt,103,586
23,brown 5star shorts,54,429
222,brown 5star sofa,47,170
50,coral vintage camera,37,262
51,brick best booties,198,707
25,beige older flosser,173,256
190,brick matte booties,120,625
143,orange quality charger,8,225
4,magenta matte laptop,125,660
99,pink 5star harddrive,92,680
109,cream 5star bag,68,15
13,cream shiny Old Peter's Russian Tales book,83,607
252,brown vintage tanktop,72,330
35,pink shiny crewneck,141,437
93,rose cool faucet,47,533
254,salmon 5star sofa,136,829
216,charcoal dull Just William book,51,161
243,purple older The Railway Children book,12,129
173,white quality Swallowdale book,123,870
55,oatmeal matte soap,50,247
34,oatmeal best plate,125,16
271,silver good The Sword in the Stone book,72,258
46,tin quality legging,61,845
260,brown good barstool,189,114
182,bronze great mat,172,114
73,blue latest tshirt,181,171
214,brick dull yogamat,152,982
219,cream nice shirt,4,555
169,lemon vintage conditioner,126,269
178,bronze shiny The Story of Doctor Dolittle book,156,51
282,beige nice mouse,191,17
256,pink shiny speaker,22,192
291,grey good pants,24,669
273,yellow good lamp,0,543
208,red older boots,161,948
142,silver great buttondown,77,596
265,magenta nice chair,83,422
52,blue dull pants,141,827
164,black matte jeans,7,479
42,brown shiny kettlebell,51,859
27,bronze matte countertop,133,509
16,yellow vintage floss,199,181
41,cream great slacks,100,124
133,lemon best smasher,150,958
45,coral older glass,169,107
170,maroon vintage boombox,174,654
205,white shiny Just William book,61,536
75,khaki nice Swallowdale book,184,902
216,red best soundstation,180,437
132,magenta matte kettlebell,9,549
218,indigo vintage can,75,898
290,red dull The Secret Garden book,75,462
51,maroon shiny knife,3,282
53,orange cool soap,138,308
233,grass matte lotion,80,466
258,burgundy dull jeans,114,271
147,rust best Winnie-the-Pooh book,55,341
299,"rose quality ""The Little Bookroom book",182,864
180,tan nice cable,84,26
56,orange cool mousse,183,536
134,yellow great dish,57,962
94,orange quality smasher,32,709
277,khaki cool The Wind in the Willows book,59,197
9,orange cool whisk,152,526
130,maroon older The Phoenix and the Carpet book,147,547
269,brown great peeler,33,933
21,lime great mouse,112,751
232,black 5star The Lord of the Rings book,109,587
13,grey 5star The Camels Are Coming book,80,835
227,magenta good flosser,78,629
102,indigo nice toaster,146,669
135,tan cool jegging,176,109
97,tin quality legging,195,498
73,magenta latest brita,0,156
131,tan dull mousepad,50,792
103,lemon quality charger,30,821
172,white 5star bowl,83,334
114,lemon quality Just William book,122,45
138,rose cool faucet,111,781
24,green great gel,89,808
257,khaki cool The Once and Future King book,156,257
73,grey dull foambloack,38,678
74,tan nice cable,126,446
114,rust nice Swallows and Amazons book,100,973
123,violet shiny Five Children and It book,43,360
186,violet latest laptop,143,757
51,teal vintage retainer,8,712
234,khaki matte dumbbell,54,884
222,orange quality The Lost Prince book,121,921
95,green good spoon,190,205
44,tan nice painting,12,937
293,pink 5star harddrive,93,631
166,blush nice countertop,123,379
289,maroon cool volumizer,140,35
191,rose nice brita,6,392
198,blue 5star hulahoop,85,584
127,grass shiny cable,135,367
146,violet good slippers,69,624
36,red shiny sink,95,979
120,yellow 5star countertop,19,388
99,khaki nice vase,166,745
33,magenta nice chair,30,680
142,burgundy nice sectional,98,837
126,purple older hoody,197,291
168,pink latest Billy Bunter of Greyfriars School book,176,931
17,red cool soundstation,118,285
228,brick latest The Story of the Amulet book,50,657
180,salmon great The Queen of Air and Darkness book,10,120
37,grey great Swallows and Amazons series book,38,805
254,black 5star soundbox,53,712
71,yellow good lamp,57,446
158,gold matte Meredith and Co. book,142,962
258,charcoal dull Just William book,110,178
280,lime vintage conditioner,173,473
96,tan vintage tablet,71,56
129,cream quality dumbbell,119,958
152,grey nice battery,22,569
48,beige nice mouse,87,477
287,red latest soundbox,158,141
57,charcoal best chinos,76,830
17,burgundy cool router,116,231
77,bronze great camera,179,730
265,magenta cool toothbrush,27,836
142,coral best tshirt,120,564
174,cream best supplement,142,484
267,coral cool The Phoenix and the Carpet book,137,81
190,charcoal good soap,31,114
240,silver matte router,150,671
232,charcoal best chinos,92,2
70,silver vintage jegging,79,824
255,white 5star microwave,141,32
223,blush latest crewneck,88,126
187,purple matte Billy Bunter of Greyfriars School book,192,756
20,black latest headset,26,161
109,tin 5star The Fellowship of the Ring book,109,535
72,orange great camisole,84,181
280,pink vintage The Tale of Squirrel Nutkin book,148,997
210,indigo shiny The Lord of the Rings book,95,86
7,pink 5star cream,162,342
47,beige best volumizer,64,676
49,indigo cool Just William book,195,742
174,burgundy matte flower,119,654
267,khaki latest earphones,140,342
246,yellow shiny The Magic World book,21,383
83,yellow cool watch,23,246
245,grass latest Billy Bunter of Greyfriars School book,190,780
71,burgundy matte jeans,165,343
219,coral dull mask,122,345
117,blue best faucet,125,883
53,red dull khakis,49,227
137,lilac quality The Tale of Squirrel Nutkin book,151,171
133,khaki great The Mystery of the Burnt Cottage book,17,823
11,cream best glass,146,501
235,red 5star battery,116,741
136,grey latest jogger,140,693
27,beige latest dish,138,814
132,rose shiny charger,53,879
249,cream quality dumbbell,142,352
101,lilac good The Lord of the Rings book,27,499
140,rose quality Old Peter's Russian Tales book,110,968
38,green good gel,141,534
216,black vintage smasher,39,877
211,white older dishwasher,136,807
183,grey cool rack,30,564
102,brick nice camisole,148,355
298,brown vintage earbuds,143,624
282,black best The Phoenix and the Carpet book,10,40
68,yellow shiny hulahoop,60,3
91,brick quality shirt,132,656
247,maroon vintage ball,120,153
39,green matte Five Children and It book,159,1
287,gold shiny Peter and Wendy book,90,790
20,indigo 5star monitor,95,908
122,grass latest Billy Bunter of Greyfriars School book,52,531
242,white cool camisole,11,721
34,coral dull supplement,89,977
272,lime great boots,37,521
162,indigo nice toaster,71,727
93,white older moisturizer,42,377
258,indigo dull supplement,59,933
207,rust good The Queen of Air and Darkness book,44,121
164,tan matte battery,121,709
135,yellow shiny hulahoop,163,321
280,magenta dull floss,185,803
163,brick dull sink,32,419
292,grey quality The Ill-Made Knight book,54,805
216,red vintage oven,82,168
259,gold quality jogger,126,778
105,purple cool Peter and Wendy book,158,352
49,maroon good The Ill-Made Knight book,32,856
145,coral nice ties,27,434
180,red vintage battery,176,382
182,tin dull legging,131,936
209,tan nice cable,33,545
18,yellow cool hulahoop,16,526
12,violet shiny couch,133,653
77,khaki best Billy Bunter of Greyfriars School book,96,915
235,rust best phone,82,637
267,orange cool mousse,137,408
98,grey good moisturizer,129,328
146,burgundy dull dumbbell,120,346
177,rose dull harddrive,64,388
173,salmon best The Sword in the Stone book,29,606
275,teal nice cord,156,569
88,brown great endpiece,61,581
273,blue cool battery,92,970
122,burgundy dull jeans,29,954
36,violet latest laptop,155,942
15,indigo cool pill,69,175
57,green dull supplement,93,223
100,brown vintage tanktop,10,869
120,coral older glass,20,57
52,tin latest shirt,126,925
151,lemon quality soap,26,1000
2,blush best conditioner,106,521
72,rust cool speaker,69,880
257,rose dull harddrive,101,231
135,khaki quality trousers,33,610
120,violet good mitts,161,844
122,pink older A Popular Schoolgirl book,17,20
66,rose latest phone,123,466
51,beige older sieve,40,201
93,grey 5star camisole,198,963
172,blue 5star legging,2,979
239,charcoal nice ball,34,171
147,brown quality soundstation,188,864
67,grass best mattress,175,281
188,green vintage smasher,17,142
258,oatmeal best plate,89,751
179,maroon older router,97,708
124,black matte jeans,81,965
26,maroon vintage hoody,15,479
99,lilac quality The Tale of Squirrel Nutkin book,32,635
26,indigo good jogger,128,162
243,rust nice foambloack,4,215
64,white older The Tale of Mrs. Tiggy-Winkle book,40,191
76,brick quality vase,180,704
285,violet vintage earbuds,188,564
133,beige latest hulahoop,17,12
292,purple nice The House at Pooh Corner book,75,984
88,indigo cool Just William book,77,172
30,brick quality vase,165,535
21,burgundy matte jeans,60,385
244,gold nice hairspray,67,433
102,charcoal nice The Phoenix and the Carpet book,95,925
100,grey latest watch,104,586
161,violet nice laptop,144,480
136,white great peeler,166,24
181,brick matte laptop,57,490
57,pink nice headset,0,726
171,grass latest Billy Bunter of Greyfriars School book,125,150
69,grass nice headset,6,880
172,grey nice battery,54,460
226,salmon dull raincoat,9,170
250,yellow great dish,63,280
84,gold vintage endpiece,77,515
87,lime quality sieve,99,374
121,brown dull bedframe,87,263
41,salmon older protector,26,753
164,grass latest Billy Bunter of Greyfriars School book,50,446
158,rose quality trousers,189,397
177,pink cool tshirt,165,521
204,charcoal good dumbbell,184,639
248,brown cool strainer,107,853
45,pink dull soap,3,312
63,rose 5star pill,183,344
23,red shiny foamroller,125,133
41,violet older mousepad,102,750
76,gold latest khakis,20,323
46,orange quality charger,153,160
157,charcoal older landline,61,332
42,khaki latest Five Children and It book,98,387
74,blush matte bookshelf,161,959
263,magenta matte laptop,108,858
134,beige latest dish,161,978
207,grey best plate,114,551
289,green quality mask,122,803
252,indigo vintage bowl,122,380
155,cream best projector,168,539
30,lilac shiny gadget,172,174
208,lime vintage The Tailor of Gloucester book,56,744
100,cream good tanktop,96,288
298,magenta 5star footrest,103,860
252,khaki nice Swallowdale book,187,614
275,indigo shiny belt,96,34
23,brown shiny kettlebell,118,890
161,oatmeal best plate,176,138
114,white quality Swallowdale book,44,306
199,khaki older camisole,58,48
18,khaki older The Lord of the Rings book,43,368
247,blush nice soap,10,545
16,purple cool The Magic World book,60,122
74,khaki cool chair,61,681
102,blue vintage gadget,57,299
43,lilac cool Brendon Chase book,17,624
26,white quality Swallowdale book,61,476
177,grey cool tshirt,173,706
206,lemon dull conditioner,197,890
290,indigo dull The Camels Are Coming book,131,288
160,white good keyboard,154,360
234,maroon vintage hoody,41,752
3,orange good trousers,184,636
124,lime nice volumizer,188,262
51,green vintage harddrive,55,957
115,beige great mask,11,536
212,tan cool cork,169,594
237,burgundy best protector,86,39
44,purple cool The Magic World book,123,859
48,grey nice battery,19,762
138,tan vintage monitor,54,833
241,tan cool jegging,158,350
262,silver quality bookshelf,132,430
56,blue shiny faucet,6,658
42,indigo older case,10,385
21,charcoal shiny boots,121,618
22,grass older bandanas,19,24
42,green matte slippers,11,194
178,blush latest crewneck,31,676
126,green dull boots,28,970
228,grey great Swallows and Amazons series book,87,104
42,pink 5star cream,145,596
28,lime best bar,171,865
81,brick latest footrest,41,604
190,beige nice yogamat,149,426
127,blush older tshirt,196,182
269,green quality toaster,185,500
277,green latest Winnie-the-Pooh book,5,102
277,pink good conditioner,166,771
122,lemon 5star The Return of the King book,63,518
268,brown great endpiece,195,414
173,beige shiny cork,51,645
81,pink shiny crewneck,81,68
231,white good rack,6,369
55,beige matte brita,50,66
113,green matte computer,102,343
298,cream dull vitamin,98,681
216,silver nice The Wind in the Willows book,163,360
26,cream vintage belt,19,653
85,charcoal shiny jeans,151,38
72,grey older harddrive,109,614
222,violet nice shorts,167,7
296,teal quality cream,36,961
103,rust nice Swallows and Amazons book,163,556
20,grass cool The Railway Children book,24,882
73,magenta vintage lamp,70,29
13,orange vintage Five Children and It book,11,269
174,violet quality fork,0,465
197,lime dull charger,198,920
138,khaki best bandanas,149,262
45,blue nice bandanas,124,107
98,silver nice Peter and Wendy book,149,953
286,pink cool floss,162,956
127,black 5star The Lord of the Rings book,114,465
249,gold older lighter,82,911
122,burgundy latest buttondown,155,843
253,salmon best The Sword in the Stone book,154,631
49,magenta nice socks,194,536
37,brown good Just Jane book,10,116
134,yellow vintage floss,56,953
278,oatmeal matte soap,187,212
288,tan vintage monitor,118,177
237,blue quality soundstation,101,627
85,tin cool Old Peter's Russian Tales book,89,131
181,purple 5star coaster,19,420
206,purple nice earphones,67,40
288,burgundy dull jeans,11,19
220,cream shiny Old Peter's Russian Tales book,90,563
126,maroon best lithium,119,968
291,rose latest microwave,80,313
214,salmon 5star sofa,34,376
25,lime vintage lotion,51,603
254,silver good The Sword in the Stone book,4,265
211,lime quality Swallowdale book,182,91
45,teal matte gadget,59,931
87,blue good dongle,70,56
115,khaki nice vase,126,592
131,indigo shiny The Lord of the Rings book,152,502
1,grey nice The Little Lost Hen book,16,769
205,grey 5star fork,96,858
145,grass good sofa,136,354
224,grass great Brendon Chase book,3,199
277,lime older faucet,166,890
145,lilac quality sofa,144,884
249,teal best The Return of the King book,125,808
179,white matte blazer,191,258
233,brown great endpiece,8,543
289,indigo matte The Mystery of the Burnt Cottage book,131,994
192,grass latest Billy Bunter of Greyfriars School book,89,91
204,pink dull soap,126,10
113,teal good longsleeveshirt,192,102
31,cream quality coaster,103,250
151,blush older tshirt,15,196
200,purple best Winnie-the-Pooh book,50,391
163,rust nice foambloack,124,543
90,burgundy vintage case,115,402
89,lilac cool whisk,82,5
237,blush vintage retainer,178,54
115,coral best tshirt,109,732
130,gold older lighter,55,635
50,pink cool hulahoop,132,84
189,blue older speaker,168,468
229,purple nice earphones,151,5
268,brick nice endpiece,65,238
300,gold nice hairspray,58,644
73,tan dull watch,4,299
119,khaki 5star sweater,37,634
182,salmon 5star boombox,172,892
236,lemon shiny dongle,21,776
282,lilac matte mask,127,206
134,violet vintage earbuds,108,659
293,bronze great mat,49,94
34,white matte jogger,130,732
41,violet 5star Winnie-the-Pooh book,133,135
163,grey best plate,57,591
95,brick quality vase,27,493
44,rose quality Old Peter's Russian Tales book,78,96
36,pink shiny earphones,123,416
279,lemon good belt,10,657
77,blue great jorts,88,72
132,red quality retainer,171,33
122,white best jorts,143,497
33,coral cool kettlebell,40,935
289,khaki best bandanas,135,388
129,pink cool tshirt,73,27
