blue latest The Tale of the Pie and the Patty-Pan book,books,url,True,blue latest The Tale of the Pie and the Patty-Pan book
salmon matte Swallows and Amazons series book,books,url,True,salmon matte Swallows and Amazons series book
salmon great The Queen of Air and Darkness book,books,url,False,salmon great The Queen of Air and Darkness book
green latest Winnie-the-Pooh book,books,url,False,green latest Winnie-the-Pooh book
lilac quality The Tale of Squirrel Nutkin book,books,url,False,lilac quality The Tale of Squirrel Nutkin book
lilac shiny The Phoenix and the Carpet book,books,url,True,lilac shiny The Phoenix and the Carpet book
brown shiny Dimsie Moves Up book,books,url,False,brown shiny Dimsie Moves Up book
tin 5star The Fellowship of the Ring book,books,url,False,tin 5star The Fellowship of the Ring book
grey nice The Hobbit book,books,url,True,grey nice The Hobbit book
blush latest The Once and Future King book,books,url,True,blush latest The Once and Future King book
black best The Phoenix and the Carpet book,books,url,True,black best The Phoenix and the Carpet book
rose nice The School at the Chalet book,books,url,False,rose nice The School at the Chalet book
black dull The Ill-Made Knight book,books,url,True,black dull The Ill-Made Knight book
rose 5star The Tale of the Pie and the Patty-Pan book,books,url,False,rose 5star The Tale of the Pie and the Patty-Pan book
maroon older The Story of Doctor Dolittle book,books,url,True,maroon older The Story of Doctor Dolittle book
lemon matte The Phoenix and the Carpet book,books,url,True,lemon matte The Phoenix and the Carpet book
"burgundy 5star The Squirrel, The Hare and the Little Grey Rabbit book",books,url,True,"burgundy 5star The Squirrel, The Hare and the Little Grey Rabbit book"
grey matte Peter Pan in Kensington Gardens book,books,url,True,grey matte Peter Pan in Kensington Gardens book
khaki nice Swallowdale book,books,url,True,khaki nice Swallowdale book
silver nice The House at Pooh Corner book,books,url,True,silver nice The House at Pooh Corner book
orange older The Return of the King book,books,url,False,orange older The Return of the King book
purple matte Billy Bunter of Greyfriars School book,books,url,True,purple matte Billy Bunter of Greyfriars School book
khaki matte Winnie-the-Pooh book,books,url,False,khaki matte Winnie-the-Pooh book
rust quality The Wind in the Willows book,books,url,False,rust quality The Wind in the Willows book
pink vintage The Tale of Squirrel Nutkin book,books,url,False,pink vintage The Tale of Squirrel Nutkin book
white older The Tale of Mrs. Tiggy-Winkle book,books,url,False,white older The Tale of Mrs. Tiggy-Winkle book
charcoal good The Two Towers book,books,url,False,charcoal good The Two Towers book
grass cool The Ill-Made Knight book,books,url,False,grass cool The Ill-Made Knight book
maroon great The Little Lost Hen book,books,url,True,maroon great The Little Lost Hen book
rust older The Queen of Air and Darkness book,books,url,True,rust older The Queen of Air and Darkness book
white shiny Just William book,books,url,True,white shiny Just William book
salmon best The Sword in the Stone book,books,url,False,salmon best The Sword in the Stone book
bronze older Just William book,books,url,False,bronze older Just William book
khaki best The Two Towers book,books,url,False,khaki best The Two Towers book
rust best Winnie-the-Pooh book,books,url,False,rust best Winnie-the-Pooh book
lilac great The Mystery of the Burnt Cottage book,books,url,False,lilac great The Mystery of the Burnt Cottage book
lemon 5star The Return of the King book,books,url,False,lemon 5star The Return of the King book
rust nice Swallows and Amazons book,books,url,False,rust nice Swallows and Amazons book
khaki latest Five Children and It book,books,url,True,khaki latest Five Children and It book
gold matte Meredith and Co. book,books,url,True,gold matte Meredith and Co. book
blue 5star Swallows and Amazons series book,books,url,True,blue 5star Swallows and Amazons series book
rose best The Tale of Squirrel Nutkin book,books,url,True,rose best The Tale of Squirrel Nutkin book
purple nice The Wind in the Willows book,books,url,True,purple nice The Wind in the Willows book
white nice The Tailor of Gloucester book,books,url,False,white nice The Tailor of Gloucester book
khaki cool The Wind in the Willows book,books,url,False,khaki cool The Wind in the Willows book
oatmeal nice Billy Bunter of Greyfriars School book,books,url,True,oatmeal nice Billy Bunter of Greyfriars School book
teal good The Story of the Amulet book,books,url,False,teal good The Story of the Amulet book
purple older Swallowdale book,books,url,False,purple older Swallowdale book
pink 5star The Fellowship of the Ring book,books,url,True,pink 5star The Fellowship of the Ring book
lilac great Meredith and Co. book,books,url,False,lilac great Meredith and Co. book
maroon older Biggles Flies East book,books,url,False,maroon older Biggles Flies East book
purple good The Railway Children book,books,url,False,purple good The Railway Children book
brick latest The Story of the Amulet book,books,url,False,brick latest The Story of the Amulet book
purple 5star A Popular Schoolgirl book,books,url,False,purple 5star A Popular Schoolgirl book
lilac cool Billy Bunter of Greyfriars School book,books,url,False,lilac cool Billy Bunter of Greyfriars School book
pink latest Billy Bunter of Greyfriars School book,books,url,False,pink latest Billy Bunter of Greyfriars School book
orange quality The Lost Prince book,books,url,True,orange quality The Lost Prince book
bronze good The House at Pooh Corner book,books,url,True,bronze good The House at Pooh Corner book
tin best The Tale of Tom Kitten book,books,url,True,tin best The Tale of Tom Kitten book
gold shiny The Abbey Series book,books,url,False,gold shiny The Abbey Series book
lime 5star Peter and Wendy book,books,url,False,lime 5star Peter and Wendy book
silver vintage The School at the Chalet book,books,url,True,silver vintage The School at the Chalet book
lilac older The House at Pooh Corner book,books,url,False,lilac older The House at Pooh Corner book
"oatmeal cool ""The Little Bookroom book",books,url,True,"oatmeal cool ""The Little Bookroom book"
gold nice The Phoenix and the Carpet book,books,url,True,gold nice The Phoenix and the Carpet book
silver nice The Magic World book,books,url,True,silver nice The Magic World book
bronze shiny The Story of Doctor Dolittle book,books,url,True,bronze shiny The Story of Doctor Dolittle book
rust vintage Biggles Flies East book,books,url,True,rust vintage Biggles Flies East book
teal cool The Wind in the Willows book,books,url,True,teal cool The Wind in the Willows book
salmon quality The Camels Are Coming book,books,url,False,salmon quality The Camels Are Coming book
orange shiny The House at Pooh Corner book,books,url,False,orange shiny The House at Pooh Corner book
coral cool The Phoenix and the Carpet book,books,url,True,coral cool The Phoenix and the Carpet book
black latest The Hobbit book,books,url,True,black latest The Hobbit book
maroon good The Tailor of Gloucester book,books,url,True,maroon good The Tailor of Gloucester book
lime matte No Boats on Bannermere book,books,url,False,lime matte No Boats on Bannermere book
tan nice The Candle in the Wind book,books,url,False,tan nice The Candle in the Wind book
blue best The Hobbit book,books,url,True,blue best The Hobbit book
maroon good The Ill-Made Knight book,books,url,False,maroon good The Ill-Made Knight book
grass great Brendon Chase book,books,url,True,grass great Brendon Chase book
black dull The Queen of Air and Darkness book,books,url,False,black dull The Queen of Air and Darkness book
lilac cool Brendon Chase book,books,url,False,lilac cool Brendon Chase book
silver quality Brendon Chase book,books,url,True,silver quality Brendon Chase book
indigo vintage The Little Lost Hen book,books,url,False,indigo vintage The Little Lost Hen book
tin cool Old Peter's Russian Tales book,books,url,True,tin cool Old Peter's Russian Tales book
lilac 5star The Hobbit book,books,url,False,lilac 5star The Hobbit book
bronze older Peter Pan in Kensington Gardens book,books,url,False,bronze older Peter Pan in Kensington Gardens book
purple quality The School at the Chalet book,books,url,True,purple quality The School at the Chalet book
khaki best Billy Bunter of Greyfriars School book,books,url,False,khaki best Billy Bunter of Greyfriars School book
black 5star The Lord of the Rings book,books,url,False,black 5star The Lord of the Rings book
bronze nice The Story of Doctor Dolittle book,books,url,False,bronze nice The Story of Doctor Dolittle book
black dull The Wind in the Willows book,books,url,True,black dull The Wind in the Willows book
oatmeal best The Hobbit book,books,url,False,oatmeal best The Hobbit book
teal best The Return of the King book,books,url,True,teal best The Return of the King book
lime good The Abbey Series book,books,url,True,lime good The Abbey Series book
burgundy nice The Mystery of the Burnt Cottage book,books,url,False,burgundy nice The Mystery of the Burnt Cottage book
teal 5star A Little Princess book,books,url,False,teal 5star A Little Princess book
khaki great The Tale of Peter Rabbit book,books,url,False,khaki great The Tale of Peter Rabbit book
purple dull A Little Princess book,books,url,True,purple dull A Little Princess book
silver latest The Secret Garden book,books,url,False,silver latest The Secret Garden book
rose vintage The Wind in the Willows book,books,url,False,rose vintage The Wind in the Willows book
salmon 5star The Tale of Mrs. Tiggy-Winkle book,books,url,False,salmon 5star The Tale of Mrs. Tiggy-Winkle book
black older The Tale of the Pie and the Patty-Pan book,books,url,True,black older The Tale of the Pie and the Patty-Pan book
yellow good Dimsie Moves Up book,books,url,True,yellow good Dimsie Moves Up book
orange good The Abbey Series book,books,url,True,orange good The Abbey Series book
cream nice The Candle in the Wind book,books,url,True,cream nice The Candle in the Wind book
rust good The Queen of Air and Darkness book,books,url,False,rust good The Queen of Air and Darkness book
green cool The Tale of Tom Kitten book,books,url,True,green cool The Tale of Tom Kitten book
white quality Swallowdale book,books,url,False,white quality Swallowdale book
teal best Biggles Flies East book,books,url,True,teal best Biggles Flies East book
green matte Five Children and It book,books,url,False,green matte Five Children and It book
tin shiny Swallowdale book,books,url,False,tin shiny Swallowdale book
teal latest The Two Towers book,books,url,False,teal latest The Two Towers book
yellow cool Swallows and Amazons book,books,url,False,yellow cool Swallows and Amazons book
maroon quality The Queen of Air and Darkness book,books,url,True,maroon quality The Queen of Air and Darkness book
indigo vintage The Tale of Mrs. Tiggy-Winkle book,books,url,True,indigo vintage The Tale of Mrs. Tiggy-Winkle book
lilac dull The Mystery of the Burnt Cottage book,books,url,True,lilac dull The Mystery of the Burnt Cottage book
violet good The Abbey Series book,books,url,False,violet good The Abbey Series book
purple cool Peter and Wendy book,books,url,False,purple cool Peter and Wendy book
lilac good The Lord of the Rings book,books,url,True,lilac good The Lord of the Rings book
silver matte Old Peter's Russian Tales book,books,url,True,silver matte Old Peter's Russian Tales book
gold shiny Peter and Wendy book,books,url,True,gold shiny Peter and Wendy book
red 5star Just William book,books,url,False,red 5star Just William book
pink latest Just Jane book,books,url,True,pink latest Just Jane book
tan matte The Tale of Peter Rabbit book,books,url,False,tan matte The Tale of Peter Rabbit book
beige best Old Peter's Russian Tales book,books,url,False,beige best Old Peter's Russian Tales book
charcoal latest A Popular Schoolgirl book,books,url,True,charcoal latest A Popular Schoolgirl book
purple cool The Magic World book,books,url,False,purple cool The Magic World book
charcoal quality Swallowdale book,books,url,False,charcoal quality Swallowdale book
yellow cool Peter and Wendy book,books,url,True,yellow cool Peter and Wendy book
grass nice The Magic World book,books,url,True,grass nice The Magic World book
indigo shiny The Lord of the Rings book,books,url,False,indigo shiny The Lord of the Rings book
khaki cool The Once and Future King book,books,url,False,khaki cool The Once and Future King book
lilac quality Swallowdale book,books,url,True,lilac quality Swallowdale book
lime vintage The Tailor of Gloucester book,books,url,True,lime vintage The Tailor of Gloucester book
pink older The School at the Chalet book,books,url,False,pink older The School at the Chalet book
grey nice The Little Lost Hen book,books,url,False,grey nice The Little Lost Hen book
pink dull The Abbey Series book,books,url,True,pink dull The Abbey Series book
khaki matte The Little Lost Hen book,books,url,True,khaki matte The Little Lost Hen book
silver quality The Queen of Air and Darkness book,books,url,False,silver quality The Queen of Air and Darkness book
silver nice The Wind in the Willows book,books,url,False,silver nice The Wind in the Willows book
bronze best The Story of Doctor Dolittle book,books,url,False,bronze best The Story of Doctor Dolittle book
tan good The Story of the Amulet book,books,url,True,tan good The Story of the Amulet book
violet shiny The Hobbit book,books,url,False,violet shiny The Hobbit book
lime quality The Return of the King book,books,url,True,lime quality The Return of the King book
charcoal great The Tale of Mrs. Tiggy-Winkle book,books,url,False,charcoal great The Tale of Mrs. Tiggy-Winkle book
black older The Queen of Air and Darkness book,books,url,True,black older The Queen of Air and Darkness book
gold older Dimsie Moves Up book,books,url,True,gold older Dimsie Moves Up book
cream shiny Old Peter's Russian Tales book,books,url,False,cream shiny Old Peter's Russian Tales book
khaki vintage The Tale of Peter Rabbit book,books,url,True,khaki vintage The Tale of Peter Rabbit book
white shiny The Tailor of Gloucester book,books,url,True,white shiny The Tailor of Gloucester book
rust 5star Swallows and Amazons book,books,url,True,rust 5star Swallows and Amazons book
silver nice Peter and Wendy book,books,url,False,silver nice Peter and Wendy book
rust matte The Sword in the Stone book,books,url,True,rust matte The Sword in the Stone book
violet best Biggles Flies East book,books,url,True,violet best Biggles Flies East book
charcoal dull Just William book,books,url,True,charcoal dull Just William book
purple nice The House at Pooh Corner book,books,url,True,purple nice The House at Pooh Corner book
charcoal nice The Phoenix and the Carpet book,books,url,True,charcoal nice The Phoenix and the Carpet book
lemon dull Meredith and Co. book,books,url,True,lemon dull Meredith and Co. book
rose good The Magic World book,books,url,False,rose good The Magic World book
grey 5star Swallows and Amazons series book,books,url,True,grey 5star Swallows and Amazons series book
lime quality Swallowdale book,books,url,False,lime quality Swallowdale book
silver good The Sword in the Stone book,books,url,True,silver good The Sword in the Stone book
violet shiny Five Children and It book,books,url,False,violet shiny Five Children and It book
grey 5star The Camels Are Coming book,books,url,True,grey 5star The Camels Are Coming book
purple best Winnie-the-Pooh book,books,url,False,purple best Winnie-the-Pooh book
red matte The Two Towers book,books,url,True,red matte The Two Towers book
indigo dull The Camels Are Coming book,books,url,True,indigo dull The Camels Are Coming book
maroon older The Phoenix and the Carpet book,books,url,True,maroon older The Phoenix and the Carpet book
khaki great The Mystery of the Burnt Cottage book,books,url,False,khaki great The Mystery of the Burnt Cottage book
white best The Candle in the Wind book,books,url,True,white best The Candle in the Wind book
grey quality The Ill-Made Knight book,books,url,False,grey quality The Ill-Made Knight book
red dull The Secret Garden book,books,url,True,red dull The Secret Garden book
bronze cool The Tale of Mrs. Tiggy-Winkle book,books,url,True,bronze cool The Tale of Mrs. Tiggy-Winkle book
pink quality Five on a Treasure Island book,books,url,False,pink quality Five on a Treasure Island book
"maroon best The Squirrel, The Hare and the Little Grey Rabbit book",books,url,True,"maroon best The Squirrel, The Hare and the Little Grey Rabbit book"
"rose quality ""The Little Bookroom book",books,url,False,"rose quality ""The Little Bookroom book"
charcoal older The Queen of Air and Darkness book,books,url,True,charcoal older The Queen of Air and Darkness book
grey good Billy Bunter of Greyfriars School book,books,url,True,grey good Billy Bunter of Greyfriars School book
brown good Just Jane book,books,url,False,brown good Just Jane book
"yellow dull The Squirrel, The Hare and the Little Grey Rabbit book",books,url,True,"yellow dull The Squirrel, The Hare and the Little Grey Rabbit book"
"beige dull The Squirrel, The Hare and the Little Grey Rabbit book",books,url,False,"beige dull The Squirrel, The Hare and the Little Grey Rabbit book"
brick cool Biggles Flies East book,books,url,True,brick cool Biggles Flies East book
grass great The Hobbit book,books,url,True,grass great The Hobbit book
orange great Just Jane book,books,url,True,orange great Just Jane book
tan great The Hobbit book,books,url,False,tan great The Hobbit book
blush vintage The Railway Children book,books,url,False,blush vintage The Railway Children book
grass cool The Railway Children book,books,url,True,grass cool The Railway Children book
grass good Meredith and Co. book,books,url,True,grass good Meredith and Co. book
bronze nice The Sword in the Stone book,books,url,False,bronze nice The Sword in the Stone book
rose shiny The Candle in the Wind book,books,url,False,rose shiny The Candle in the Wind book
purple older The Railway Children book,books,url,True,purple older The Railway Children book
coral latest A Popular Schoolgirl book,books,url,True,coral latest A Popular Schoolgirl book
white good The Candle in the Wind book,books,url,False,white good The Candle in the Wind book
green vintage Five on a Treasure Island book,books,url,True,green vintage Five on a Treasure Island book
pink matte A Little Princess book,books,url,False,pink matte A Little Princess book
khaki older The Fellowship of the Ring book,books,url,True,khaki older The Fellowship of the Ring book
tin older Five Children and It book,books,url,True,tin older Five Children and It book
lilac matte The Ill-Made Knight book,books,url,False,lilac matte The Ill-Made Knight book
khaki best The Abbey Series book,books,url,False,khaki best The Abbey Series book
green good The Phoenix and the Carpet book,books,url,False,green good The Phoenix and the Carpet book
coral good Swallows and Amazons series book,books,url,True,coral good Swallows and Amazons series book
coral nice The Tale of Squirrel Nutkin book,books,url,True,coral nice The Tale of Squirrel Nutkin book
violet 5star Winnie-the-Pooh book,books,url,False,violet 5star Winnie-the-Pooh book
pink nice The Ill-Made Knight book,books,url,False,pink nice The Ill-Made Knight book
blush shiny The Once and Future King book,books,url,False,blush shiny The Once and Future King book
cream best The Lost Prince book,books,url,False,cream best The Lost Prince book
lemon quality Just William book,books,url,False,lemon quality Just William book
orange dull Meredith and Co. book,books,url,False,orange dull Meredith and Co. book
blue latest Swallows and Amazons series book,books,url,False,blue latest Swallows and Amazons series book
khaki older The Lord of the Rings book,books,url,True,khaki older The Lord of the Rings book
blue latest The Tale of Peter Rabbit book,books,url,False,blue latest The Tale of Peter Rabbit book
beige older No Boats on Bannermere book,books,url,False,beige older No Boats on Bannermere book
orange vintage Five Children and It book,books,url,True,orange vintage Five Children and It book
oatmeal good The Story of Doctor Dolittle book,books,url,True,oatmeal good The Story of Doctor Dolittle book
burgundy quality Biggles Flies East book,books,url,False,burgundy quality Biggles Flies East book
grass latest Billy Bunter of Greyfriars School book,books,url,False,grass latest Billy Bunter of Greyfriars School book
indigo matte The Mystery of the Burnt Cottage book,books,url,False,indigo matte The Mystery of the Burnt Cottage book
purple quality Swallows and Amazons book,books,url,True,purple quality Swallows and Amazons book
rust matte The Magic World book,books,url,True,rust matte The Magic World book
red older Meredith and Co. book,books,url,True,red older Meredith and Co. book
violet great The Sword in the Stone book,books,url,True,violet great The Sword in the Stone book
pink older A Popular Schoolgirl book,books,url,False,pink older A Popular Schoolgirl book
burgundy shiny Meredith and Co. book,books,url,False,burgundy shiny Meredith and Co. book
lemon good Billy Bunter of Greyfriars School book,books,url,False,lemon good Billy Bunter of Greyfriars School book
violet good Old Peter's Russian Tales book,books,url,True,violet good Old Peter's Russian Tales book
burgundy best Five on a Treasure Island book,books,url,False,burgundy best Five on a Treasure Island book
brown nice Peter Pan in Kensington Gardens book,books,url,True,brown nice Peter Pan in Kensington Gardens book
yellow shiny The Magic World book,books,url,True,yellow shiny The Magic World book
tin quality The Railway Children book,books,url,True,tin quality The Railway Children book
khaki great The Queen of Air and Darkness book,books,url,False,khaki great The Queen of Air and Darkness book
magenta vintage The Once and Future King book,books,url,True,magenta vintage The Once and Future King book
tin shiny A Little Princess book,books,url,False,tin shiny A Little Princess book
teal 5star The Lord of the Rings book,books,url,True,teal 5star The Lord of the Rings book
indigo cool Just William book,books,url,False,indigo cool Just William book
rose best A Popular Schoolgirl book,books,url,False,rose best A Popular Schoolgirl book
charcoal quality Swallows and Amazons series book,books,url,True,charcoal quality Swallows and Amazons series book
lilac cool The Wind in the Willows book,books,url,False,lilac cool The Wind in the Willows book
orange older The Lost Prince book,books,url,True,orange older The Lost Prince book
brown 5star Peter Pan in Kensington Gardens book,books,url,True,brown 5star Peter Pan in Kensington Gardens book
tin quality The Tale of Mrs. Tiggy-Winkle book,books,url,False,tin quality The Tale of Mrs. Tiggy-Winkle book
red great No Boats on Bannermere book,books,url,True,red great No Boats on Bannermere book
grey great Swallows and Amazons series book,books,url,False,grey great Swallows and Amazons series book
lemon vintage The Wind in the Willows book,books,url,True,lemon vintage The Wind in the Willows book
lime 5star Dimsie Moves Up book,books,url,False,lime 5star Dimsie Moves Up book
rose quality Old Peter's Russian Tales book,books,url,True,rose quality Old Peter's Russian Tales book
tan vintage Winnie-the-Pooh book,books,url,False,tan vintage Winnie-the-Pooh book
rust best The Tale of the Pie and the Patty-Pan book,books,url,True,rust best The Tale of the Pie and the Patty-Pan book
salmon nice The Abbey Series book,books,url,True,salmon nice The Abbey Series book
rose best The Little Lost Hen book,books,url,False,rose best The Little Lost Hen book
