12,orange quality soap,246,646
23,gold matte router,204,764
133,khaki older The Lord of the Rings book,916,91
137,tan nice cable,47,865
33,magenta older mousse,967,144
137,rose vintage The Wind in the Willows book,405,19
186,khaki shiny jorts,919,79
59,tan nice The Candle in the Wind book,734,329
144,purple older hoody,40,73
84,black great boots,897,974
27,gold shiny The Abbey Series book,743,959
173,brown quality television,614,7
195,violet older belt,278,602
162,tan shiny mask,658,408
139,lime 5star Dimsie Moves Up book,287,547
42,red older bar,394,356
41,bronze older Peter Pan in Kensington Gardens book,99,903
20,lilac matte mask,597,744
56,rust shiny crewneck,601,530
193,violet great The Sword in the Stone book,176,973
91,brown matte router,109,942
58,grey older hulahoop,29,771
160,salmon 5star boombox,239,797
49,oatmeal older hairbrush,725,816
123,pink nice can,838,979
35,black latest gel,486,661
185,violet best bag,36,457
6,tan matte The Tale of Peter Rabbit book,160,987
130,red shiny sweater,250,555
69,red older slippers,908,310
148,beige older No Boats on Bannermere book,73,741
44,tin older fork,649,698
86,red latest table,117,533
70,magenta quality case,777,615
46,lime quality sieve,783,369
26,brown great endpiece,630,332
6,tin shiny A Little Princess book,667,425
193,lemon best smasher,147,527
150,cream 5star foambloack,368,635
0,lilac great Meredith and Co. book,923,674
2,maroon matte router,445,422
1,lemon quality knife,348,529
199,blush shiny can,102,204
136,lilac good The Lord of the Rings book,478,592
47,charcoal 5star khakis,782,382
147,bronze dull socks,894,369
36,green best desktop,705,438
177,white older sofa,62,151
167,charcoal good endpiece,943,866
25,lemon good Billy Bunter of Greyfriars School book,952,251
133,white older dishwasher,368,975
10,yellow matte jegging,338,774
79,grey best cable,261,971
30,coral latest hulahoop,647,386
71,green vintage harddrive,984,190
118,salmon 5star sofa,321,54
73,lilac latest suit,696,805
43,lime older shampoo,822,904
48,green shiny mousepad,573,528
24,brick older sink,397,946
54,purple dull dress,835,30
191,silver great router,811,563
100,maroon vintage ball,269,811
155,blue older speaker,37,259
72,tan great camera,169,198
200,purple matte case,317,973
180,grey nice battery,968,302
76,charcoal quality mixer,858,104
42,magenta good flosser,552,173
161,brown good shampoo,418,820
135,magenta latest brita,605,915
34,charcoal shiny mouse,658,558
151,gold quality jogger,3,587
92,red latest supplement,358,451
185,gold shiny legging,563,11
54,violet cool cream,687,240
107,gold shiny Peter and Wendy book,909,914
197,blue 5star Swallows and Amazons series book,454,216
199,lime latest grinder,269,307
158,brown cool painting,274,486
164,orange good tanktop,958,784
133,burgundy cool coaster,745,450
40,lilac nice retainer,650,118
197,lemon matte The Phoenix and the Carpet book,991,643
47,grass 5star vitamin,750,773
1,violet good mitts,349,103
124,pink good conditioner,846,212
100,purple nice The Wind in the Willows book,571,305
17,brown shiny Dimsie Moves Up book,973,723
186,blue 5star Swallows and Amazons series book,901,210
31,black dull The Ill-Made Knight book,292,748
71,rose quality volumizer,644,639
41,oatmeal older knife,410,21
76,charcoal nice ball,128,945
48,pink shiny earphones,404,585
87,beige quality sectional,915,750
109,pink good khakis,284,480
58,blue older speaker,671,892
46,grey good pants,363,480
115,rose dull hairbrush,240,835
9,brick latest yogamat,362,205
180,lime older faucet,41,544
163,orange matte monitor,559,190
130,rose quality trousers,58,885
30,cream best The Lost Prince book,944,289
16,coral nice footrest,597,126
96,lemon latest longsleeveshirt,878,699
89,purple cool Peter and Wendy book,59,353
102,burgundy cool router,968,503
64,rust 5star Swallows and Amazons book,234,216
27,tin cool Old Peter's Russian Tales book,138,6
150,brick older sink,762,850
6,gold matte Meredith and Co. book,562,833
4,tan nice cable,67,480
184,magenta good speaker,909,436
8,black dull The Queen of Air and Darkness book,882,896
59,pink 5star harddrive,368,788
0,khaki latest earphones,806,192
63,tan great cable,447,448
113,maroon older Biggles Flies East book,702,516
133,blush vintage projector,380,497
138,lemon best ball,326,906
198,blush shiny can,968,907
106,indigo 5star floss,596,756
159,cream best kettlebell,617,438
116,oatmeal matte couch,832,868
57,yellow dull toaster,669,528
93,rose quality Old Peter's Russian Tales book,173,408
3,purple 5star headset,169,949
129,brick older desktop,452,520
122,orange 5star volumizer,318,641
17,cream best glass,650,613
105,blush latest The Once and Future King book,518,102
117,blue 5star legging,681,352
127,purple vintage oven,957,474
52,white cool slacks,717,299
184,violet nice soap,246,336
62,salmon dull socks,312,349
149,violet good The Abbey Series book,839,280
128,orange latest headset,87,61
185,teal cool camera,138,481
85,violet latest laptop,39,242
185,rose nice The School at the Chalet book,980,292
37,silver older dumbbell,111,70
185,gold vintage cable,175,90
69,gold matte Meredith and Co. book,249,590
35,brick dull yogamat,346,172
162,green dull mouse,549,465
49,indigo good mask,385,768
108,grass 5star vitamin,580,174
8,pink 5star shampoo,127,429
156,lemon good pill,67,999
38,silver matte Old Peter's Russian Tales book,501,482
120,grey cool tshirt,311,468
67,purple quality The School at the Chalet book,793,195
125,charcoal vintage footrest,876,764
188,indigo older flosser,536,956
88,rust 5star Swallows and Amazons book,632,513
102,black 5star sweater,86,412
137,bronze great camera,755,500
44,rose 5star soundbox,987,401
84,grass nice sink,951,975
8,tin vintage belt,234,128
187,gold vintage vitamin,286,492
10,silver matte Old Peter's Russian Tales book,926,175
63,indigo latest lotion,124,496
184,burgundy latest boombox,336,618
24,khaki nice flower,512,646
8,black cool jorts,33,838
110,burgundy nice protector,134,20
150,grey vintage tanktop,174,569
133,blush nice soap,850,609
14,khaki best Billy Bunter of Greyfriars School book,553,811
62,coral shiny raincoat,902,353
5,silver great router,251,156
147,rust 5star painting,131,742
58,pink cool tshirt,882,53
39,grass shiny cable,924,951
86,cream 5star foambloack,453,52
89,bronze latest mitts,224,940
144,maroon good brush,993,515
130,teal dull pill,234,857
80,brown shiny coaster,750,90
105,beige dull foambloack,640,845
194,magenta 5star conditioner,541,694
72,lemon best smasher,3,722
193,teal shiny spatula,557,736
20,khaki great dress,821,779
111,rose best The Tale of Squirrel Nutkin book,647,863
147,grey nice battery,235,351
35,silver 5star boombox,841,272
92,green good The Phoenix and the Carpet book,860,276
123,orange good pill,582,290
3,green good gel,473,185
92,black nice smasher,708,523
111,pink older A Popular Schoolgirl book,10,775
39,khaki latest Five Children and It book,732,701
28,bronze great supplement,27,956
129,silver great router,478,514
108,indigo shiny lithium,351,516
193,teal best The Return of the King book,624,100
176,orange good The Abbey Series book,512,761
32,blue matte pomade,846,854
177,magenta dull bag,680,429
126,purple 5star jeans,824,801
151,maroon good The Ill-Made Knight book,614,708
5,coral nice sweatshirts,389,219
27,indigo latest lotion,843,470
126,red 5star battery,723,687
140,lemon quality charger,697,922
56,blush vintage retainer,757,755
108,blush latest crewneck,408,583
110,yellow good lamp,775,380
175,green latest sectional,738,423
56,orange good tanktop,785,845
148,violet shiny tshirt,374,863
11,grey good pants,460,622
100,green latest sectional,892,853
146,coral older dongle,100,203
107,black quality tshirt,975,326
66,rust cool pill,610,311
158,indigo great toothbrush,634,32
78,purple cool The Magic World book,842,432
53,silver nice The Wind in the Willows book,136,116
156,tan 5star bandanas,494,115
71,burgundy older grinder,863,548
52,green good spoon,271,677
105,orange best microwave,271,775
81,violet good The Abbey Series book,561,514
96,teal cool camera,281,937
143,tin vintage toothbrush,568,820
125,grey good moisturizer,148,785
11,lime vintage lotion,876,859
31,bronze matte table,563,751
180,green best desktop,258,754
117,burgundy shiny desktop,478,310
193,blue matte lotion,542,215
86,tan shiny retainer,430,323
43,grey dull jacket,89,543
164,lemon good chinos,445,649
37,red matte The Two Towers book,187,215
187,yellow cool watch,733,389
173,burgundy nice sectional,951,675
40,brick older cork,977,786
35,white good The Candle in the Wind book,99,400
37,magenta older mousse,409,43
150,magenta matte laptop,370,9
77,grey good pants,958,398
31,brown great peeler,168,329
181,coral matte rack,342,861
52,red latest soundbox,430,153
30,orange quality charger,664,745
4,lilac 5star laptop,54,173
97,lime 5star sweater,417,761
44,rose matte jegging,379,456
170,grass older bandanas,421,220
7,khaki matte dumbbell,117,719
125,maroon older The Phoenix and the Carpet book,345,839
81,lime older dongle,836,345
49,yellow vintage jorts,692,296
53,gold nice jorts,850,583
186,maroon shiny knife,887,894
163,grey good Billy Bunter of Greyfriars School book,789,558
82,blush vintage volumizer,344,757
135,white latest sofa,36,720
73,lilac shiny supplement,945,958
123,maroon vintage hoody,868,40
16,coral nice footrest,616,838
85,orange best microwave,485,18
95,burgundy 5star pill,227,543
157,coral matte rack,969,384
200,blush vintage retainer,797,123
35,beige quality chinos,691,157
148,tan nice painting,407,955
61,orange good bowl,608,640
146,tan best soap,546,36
85,maroon cool volumizer,206,576
111,blue great couch,398,292
124,gold cool blazer,303,534
164,blush good sweatshirts,662,425
32,red great microwave,468,986
108,lime cool khakis,478,202
167,tan shiny retainer,618,757
76,silver great router,894,978
11,lemon good chinos,608,582
178,gold vintage cable,668,245
98,bronze older Just William book,507,602
49,beige quality chinos,771,876
191,khaki matte cable,84,28
76,green dull boots,692,901
94,tin vintage belt,624,269
65,tan great The Hobbit book,274,542
141,burgundy 5star pill,307,739
48,red good speaker,594,117
165,cream matte speaker,914,187
77,red shiny cream,997,239
39,lime 5star mousse,656,314
199,coral 5star yogamat,365,387
67,cream vintage belt,56,8
28,brown best tanktop,257,334
42,rust matte The Magic World book,619,981
111,white cool slacks,954,170
189,coral dull mask,305,653
24,tin dull legging,63,953
0,coral shiny raincoat,691,577
133,oatmeal dull knife,494,377
58,lime 5star Peter and Wendy book,550,890
61,brick best cream,716,814
105,indigo shiny belt,482,770
41,lilac cool whisk,281,489
20,white quality Swallowdale book,214,494
182,tin shiny A Little Princess book,419,860
110,khaki dull vase,155,547
113,silver latest cable,717,255
127,grass cool shorts,15,716
139,maroon matte brita,702,620
195,tan latest cream,492,532
27,silver vintage The School at the Chalet book,890,969
88,cream best supplement,252,273
115,maroon great computer,317,754
87,grey 5star jorts,189,992
167,oatmeal matte couch,396,8
13,black matte faucet,920,80
174,brown nice rug,902,112
98,black cool fork,385,162
29,maroon good The Ill-Made Knight book,998,644
41,violet latest mask,579,336
183,white shiny bag,187,545
108,rose good The Magic World book,487,552
50,grey vintage tanktop,828,905
59,charcoal shiny jeans,683,997
149,burgundy matte jeans,814,932
105,brown quality jacket,557,219
175,yellow vintage floss,567,998
61,tan 5star kettlebell,506,230
30,gold best vitamin,709,58
98,rose latest microwave,307,617
71,lime dull charger,912,680
157,silver matte glass,633,747
25,oatmeal older hairbrush,710,329
70,silver quality The Queen of Air and Darkness book,85,27
47,brown good Just Jane book,769,698
172,purple cool booties,853,494
8,white quality protector,555,134
57,grass 5star soundbox,677,871
158,green vintage stool,633,77
148,rust shiny mouse,901,513
133,khaki vintage The Tale of Peter Rabbit book,770,175
55,purple 5star headset,487,437
33,cream good tanktop,334,139
82,rust great raincoat,971,717
109,khaki older The Lord of the Rings book,710,458
140,orange best keyboard,300,719
7,violet quality fork,930,8
192,grey 5star camisole,88,158
180,grey 5star jorts,108,174
107,rust nice mousse,850,340
194,rose dull harddrive,632,476
103,purple great supplement,879,105
39,tin cool Old Peter's Russian Tales book,887,278
77,coral good Swallows and Amazons series book,327,895
26,blush latest crewneck,26,97
89,brick latest footrest,366,120
100,khaki cool The Wind in the Willows book,381,318
156,grass 5star lotion,54,110
68,brown vintage tanktop,303,904
97,rose cool slacks,497,759
133,pink 5star The Fellowship of the Ring book,541,637
177,rose vintage The Wind in the Willows book,338,306
158,lime 5star Dimsie Moves Up book,274,185
18,orange quality charger,268,160
65,oatmeal latest tablet,126,181
55,maroon good slippers,622,685
106,khaki vintage The Tale of Peter Rabbit book,892,54
196,tan nice cable,211,888
100,gold nice The Phoenix and the Carpet book,469,77
141,blue cool laptop,208,617
121,magenta good flosser,606,714
35,purple matte case,980,77
145,cream nice The Candle in the Wind book,240,59
172,burgundy latest buttondown,858,851
175,orange cool whisk,820,758
59,lime 5star mousse,578,177
30,khaki older camisole,21,50
42,salmon nice The Abbey Series book,125,260
10,silver cool cup,523,708
98,burgundy older retainer,183,365
150,indigo good jogger,317,66
167,black older The Tale of the Pie and the Patty-Pan book,444,976
16,red quality retainer,138,289
160,blush matte sofa,641,975
63,green dull hairspray,336,772
55,black matte jeans,141,979
141,brown shiny coaster,766,227
100,orange good trousers,200,47
118,lime older mattress,104,361
67,oatmeal best plate,967,341
59,red 5star Just William book,650,382
115,blue vintage retainer,45,891
104,pink cool hulahoop,918,446
147,purple quality The School at the Chalet book,886,321
182,brick latest footrest,239,882
54,charcoal nice dish,764,291
81,salmon vintage jacket,889,435
170,blush latest The Once and Future King book,718,346
159,green best raincoat,833,565
112,green vintage stool,165,837
106,pink good conditioner,453,805
42,salmon matte mask,332,928
105,rose matte jegging,313,701
42,magenta dull bag,449,480
95,coral best mitts,448,312
56,tan nice The Candle in the Wind book,174,705
78,gold good computer,171,618
37,"rose quality ""The Little Bookroom book",116,175
143,blush vintage volumizer,720,587
170,maroon older The Phoenix and the Carpet book,401,197
168,lemon good bar,768,212
95,red great projector,503,459
2,maroon matte brita,614,156
66,black great boots,813,617
117,black best The Phoenix and the Carpet book,614,230
199,blue best faucet,622,126
105,brick quality shirt,262,3
12,lilac cool Billy Bunter of Greyfriars School book,225,531
41,tan dull mousepad,971,57
48,charcoal quality mixer,459,905
130,charcoal nice kettlebell,27,1000
14,green latest hairspray,23,834
120,charcoal older The Queen of Air and Darkness book,862,960
148,purple vintage oven,850,534
196,khaki shiny strainer,970,532
161,yellow older tanktop,305,55
195,rose nice router,975,258
194,pink quality Five on a Treasure Island book,484,735
51,lime cool khakis,304,740
176,tin cool computer,828,713
30,indigo good jogger,747,725
90,red great microwave,348,461
74,brick older desktop,280,411
184,coral 5star smasher,933,45
78,black great rug,379,510
3,salmon quality The Camels Are Coming book,812,378
11,brick nice camisole,241,958
92,oatmeal quality ladle,177,556
143,salmon 5star The Tale of Mrs. Tiggy-Winkle book,192,595
38,maroon best grinder,292,149
50,black best mat,746,73
191,tan best chinos,675,935
159,grey quality The Ill-Made Knight book,688,313
134,pink 5star cord,706,370
51,grey 5star fork,527,683
1,black vintage smasher,696,454
180,burgundy older retainer,254,601
41,teal good The Story of the Amulet book,871,649
122,pink 5star conditioner,967,215
93,orange quality The Lost Prince book,372,995
5,yellow 5star floss,139,762
31,rose good The Magic World book,743,910
11,green shiny mousepad,692,570
187,violet latest laptop,561,552
193,teal matte gadget,101,71
169,red older slippers,855,888
126,salmon quality The Camels Are Coming book,662,415
181,khaki best The Abbey Series book,311,632
30,lemon matte slippers,497,844
113,blush older tshirt,237,435
196,black cool toothbrush,625,905
4,silver quality Brendon Chase book,631,519
38,oatmeal great trousers,934,833
75,tan great The Hobbit book,102,159
173,oatmeal latest retainer,7,130
104,brick nice endpiece,546,457
3,lime 5star Dimsie Moves Up book,267,661
114,cream latest tanktop,279,264
151,magenta matte shoes,406,157
98,rose quality volumizer,271,52
57,magenta matte legging,151,304
47,magenta dull buttonup,695,888
175,oatmeal cool slippers,883,517
65,orange good ties,825,325
8,gold latest khakis,542,580
81,lilac matte The Ill-Made Knight book,238,588
28,white vintage sweatshirts,782,597
28,black matte faucet,479,193
141,blush matte sofa,896,461
182,lime quality legging,463,843
77,brick cool Biggles Flies East book,413,650
23,rust latest flosser,812,333
2,rust nice stool,357,422
177,black older The Tale of the Pie and the Patty-Pan book,570,18
174,tan vintage monitor,483,844
103,pink good shoes,848,143
131,lime older earbuds,55,98
50,beige older vitamin,524,961
113,beige latest cord,258,511
97,magenta matte shoes,468,792
17,tan latest cream,594,36
33,cream older phone,51,945
189,rust 5star painting,404,130
