35,lime best lithium,141,609
66,purple nice The Sword in the Stone book,84,956
267,gold older cord,48,111
250,violet good mask,38,635
193,grass good cup,152,142
246,bronze great shoes,82,980
147,salmon quality booties,16,808
144,coral nice hairbrush,95,381
44,khaki dull countertop,121,855
263,khaki cool gadget,123,572
273,tin cool The Candle in the Wind book,23,739
261,lemon quality hulahoop,165,789
96,grass quality mouse,100,703
258,green older The Once and Future King book,116,902
275,tin matte mattress,194,383
202,tan great speaker,63,942
148,coral good boots,138,749
262,indigo dull headset,91,306
235,bronze cool belt,3,917
152,tan nice Just William book,170,223
151,blue 5star booties,142,356
213,blush vintage crewneck,179,21
216,blush best The Hobbit book,94,430
156,tin matte mattress,65,141
242,burgundy matte toaster,51,736
210,grey shiny footrest,117,534
31,maroon older yogamat,73,977
230,rust 5star soundbox,86,125
9,gold good monitor,64,90
211,khaki quality ties,118,189
250,blush quality shoes,185,664
200,grey best phone,1,446
227,cream older cable,147,412
255,bronze quality hoody,129,140
58,black matte earbuds,32,806
60,beige shiny harddrive,158,502
25,white shiny The Little Lost Hen book,41,247
164,rose shiny toaster,42,667
241,pink vintage harddrive,139,603
107,burgundy latest mat,170,946
276,pink nice Swallows and Amazons series book,125,801
80,lime best barstool,72,281
6,salmon quality booties,69,789
74,beige matte gel,16,734
89,oatmeal dull kettlebell,36,88
242,lilac latest tablet,103,257
243,lilac older The Mystery of the Burnt Cottage book,80,263
259,purple dull Billy Bunter of Greyfriars School book,88,108
134,salmon great The Wind in the Willows book,47,744
22,blue latest cable,38,948
216,teal nice soap,176,336
185,brown vintage sofa,39,59
231,red vintage coffee,155,397
253,maroon matte fryer,7,496
290,maroon dull router,2,472
142,grass good cup,158,407
283,oatmeal older The Candle in the Wind book,92,361
52,khaki vintage mousse,153,621
47,grass good pomade,26,37
216,grass 5star buttonup,20,690
213,orange older cork,29,780
82,green vintage The Tale of Squirrel Nutkin book,50,781
1,silver latest desk,183,822
61,yellow great volumizer,128,344
96,oatmeal shiny cord,153,247
129,gold good monitor,15,958
219,oatmeal best Swallows and Amazons series book,184,954
275,yellow latest belt,61,926
145,burgundy matte mask,59,858
94,white older monitor,164,139
81,orange cool tablet,158,611
286,green dull landline,19,296
132,cream shiny Old Peter's Russian Tales book,160,119
249,cream shiny volumizer,77,479
271,gold cool toaster,173,915
126,orange good protector,46,426
112,indigo latest sink,132,728
270,coral great cable,54,607
95,pink great Peter and Wendy book,94,737
106,orange latest The Sword in the Stone book,25,146
159,yellow good protector,190,928
235,teal nice The Hobbit book,118,116
196,pink good earphones,130,467
282,brown best bookshelf,109,291
131,lime matte The Tale of Peter Rabbit book,37,480
48,gold nice soap,184,813
68,tin older dumbbell,156,880
204,indigo cool ties,117,796
101,lemon dull charger,192,511
144,burgundy latest jeans,162,545
275,orange cool gadget,167,84
59,black older mousse,197,464
140,orange good pill,129,10
234,orange dull projector,20,236
240,bronze great case,36,59
108,teal great cord,195,626
134,green best The Story of the Amulet book,37,236
194,magenta dull suit,171,33
69,teal latest shelf,61,342
232,black quality glass,193,314
201,lemon great camera,74,641
299,yellow cool coaster,88,530
257,maroon nice mask,57,276
247,grass good protector,180,284
281,lemon 5star camera,195,144
190,rust cool mousse,160,351
227,tin cool The Candle in the Wind book,27,351
258,bronze dull soundbox,120,137
129,grey dull mattress,15,650
170,indigo older mousepad,187,672
165,red 5star plate,0,47
133,grass 5star knife,143,747
60,cream nice earbuds,104,849
126,cream older blazer,42,273
298,indigo good projector,34,669
242,yellow vintage Dimsie Goes To School book,74,830
183,tan 5star earphones,4,400
68,oatmeal good pants,170,68
44,gold nice hoody,64,850
241,black great The Two Towers book,155,55
215,grey older landline,138,179
220,yellow shiny mixer,142,237
9,salmon shiny faucet,58,468
57,tan quality The Lord of the Rings book,91,64
25,grass older bar,145,816
52,blush cool protector,196,428
124,grass shiny mixer,20,78
42,yellow 5star Winnie-the-Pooh book,126,986
128,lilac vintage barstool,33,555
67,red shiny pants,71,361
220,silver great The Railway Children book,83,692
52,brick older microwave,55,483
89,lemon nice floss,3,638
211,lilac best cup,174,417
278,blush quality gadget,47,934
177,blush good spatula,104,261
277,green older glass,175,880
182,cream 5star jeans,25,938
180,coral great blazer,128,82
147,violet nice legging,33,183
264,salmon matte mask,117,846
3,white best socks,8,58
81,burgundy older case,86,734
197,blush older shampoo,142,495
31,lime cool foambloack,167,664
28,violet vintage tablet,50,771
140,salmon great stool,172,784
297,lilac vintage The Return of the King book,198,500
10,rose older cord,186,478
171,burgundy cool buttondown,178,936
249,cream nice earbuds,182,482
20,pink dull tanktop,119,819
229,pink great tanktop,30,1000
54,blue good headset,24,324
112,magenta matte desk,191,852
197,gold matte sectional,106,286
14,tin cool The Candle in the Wind book,39,260
265,beige great dress,86,325
249,brick dull rug,38,242
116,silver dull buttondown,18,350
286,bronze dull soundbox,42,564
298,yellow quality boombox,30,697
300,burgundy vintage pill,85,268
139,cream best soap,195,1
274,charcoal dull landline,37,793
153,blush 5star pomade,21,543
21,yellow 5star jegging,3,902
181,bronze quality The School at the Chalet book,59,628
52,cream shiny legging,61,243
33,teal great mask,91,883
63,coral quality shoes,163,669
60,magenta older foamroller,123,256
213,pink older soap,174,790
36,tan quality speaker,146,72
185,indigo latest mat,4,287
165,black good keyboard,116,431
86,pink great The Tale of the Pie and the Patty-Pan book,193,162
265,magenta older toaster,16,12
170,tin best harddrive,60,28
160,rust cool mousse,79,460
18,beige vintage jeans,166,460
275,lilac shiny blazer,131,994
11,coral 5star The Fellowship of the Ring book,175,632
200,magenta quality The Return of the King book,8,643
275,beige dull ball,51,855
131,blue good The Mystery of the Burnt Cottage book,9,298
230,tin cool The Magic World book,106,735
124,beige latest Dimsie Moves Up book,195,618
143,yellow good gel,191,175
138,tin great shoes,124,852
132,burgundy best The Mystery of the Burnt Cottage book,135,75
96,lime older foamroller,137,367
181,lemon great vitamin,167,457
125,gold nice hoody,49,255
173,beige shiny gadget,51,505
127,coral good boots,1,229
128,brown nice The Tale of Mrs. Tiggy-Winkle book,59,417
231,rose vintage Swallows and Amazons book,162,621
164,rust best soundbox,74,204
239,black older mousse,122,797
287,khaki older slippers,42,198
207,lilac latest The Fellowship of the Ring book,8,461
55,indigo 5star cup,22,411
248,rust dull A Little Princess book,45,435
37,grass older fryer,59,214
40,khaki matte The School at the Chalet book,142,844
195,rust older The Tale of Peter Rabbit book,27,274
286,purple vintage peeler,4,151
5,grey dull cord,135,662
176,charcoal quality jogger,121,258
133,lemon great lithium,103,735
273,blush shiny keyboard,97,479
145,khaki older slippers,25,169
103,pink nice Swallows and Amazons series book,15,900
16,bronze quality The School at the Chalet book,52,754
112,black best The Secret Garden book,69,918
288,red quality hairbrush,163,385
260,brown cool candle,110,72
53,magenta matte mat,46,169
58,rust cool oven,154,725
27,rose good hulahoop,134,176
50,charcoal shiny mat,155,224
30,grey matte cream,145,171
67,charcoal matte conditioner,70,652
102,white nice chair,54,792
87,blush 5star pomade,57,542
17,lemon latest The Tailor of Gloucester book,189,180
25,rust matte bookshelf,40,293
217,yellow matte brita,18,387
86,bronze quality The School at the Chalet book,85,982
252,silver best television,90,95
42,yellow 5star The Tale of the Pie and the Patty-Pan book,79,236
154,bronze great shoes,131,386
51,rose older crewneck,192,74
55,maroon cool coffee,125,551
231,rose older crewneck,152,321
218,indigo older cream,45,100
144,bronze older harddrive,88,164
267,rose latest crewneck,8,794
59,pink cool shampoo,86,215
278,beige great The Mystery of the Burnt Cottage book,143,473
145,coral great mat,94,774
230,maroon good The Little Grey Men book,151,596
193,lilac vintage shampoo,193,361
259,orange cool gadget,177,364
176,violet matte supplement,175,251
225,charcoal matte shirt,67,348
276,blush vintage The Little Grey Men book,135,368
42,yellow 5star dumbbell,120,522
231,oatmeal best jacket,135,813
53,purple vintage tshirt,153,799
293,maroon dull hulahoop,131,301
181,blush dull gel,197,439
251,tan quality hairspray,63,362
201,green quality lotion,62,577
95,yellow dull stool,168,815
174,violet older spoon,197,978
66,tin cool mousse,124,970
141,oatmeal great bandanas,50,266
174,beige great The Ill-Made Knight book,118,425
12,teal good Swallows and Amazons series book,116,965
19,coral older lightbulb,180,478
246,lilac latest The Fellowship of the Ring book,19,958
272,oatmeal older projector,113,773
177,white older monitor,68,992
15,rust great hoody,89,865
205,rust vintage boombox,54,432
131,charcoal matte supplement,113,749
6,teal nice The Phoenix and the Carpet book,74,989
213,beige great dress,30,118
79,tan quality speaker,62,297
294,khaki matte The Queen of Air and Darkness book,11,183
256,blush latest ties,76,540
218,violet cool fryer,156,274
163,rust quality flosser,2,336
260,magenta quality shorts,29,739
29,beige latest The Little Grey Men book,24,183
200,indigo nice jeans,135,348
221,rust quality toothbrush,109,163
64,indigo quality foamroller,51,678
75,white latest The Abbey Series book,42,399
85,orange best supplement,120,570
250,white cool couch,167,494
288,oatmeal vintage The Magic World book,59,783
225,rust quality countertop,65,971
255,indigo older cream,129,635
83,green dull landline,99,148
16,cream best soap,84,375
167,teal matte shorts,152,509
152,tin nice The Tale of the Pie and the Patty-Pan book,0,788
94,teal dull mouse,32,925
114,white quality dish,83,291
245,charcoal older jogger,36,627
24,silver shiny monitor,121,440
216,brick cool can,196,810
288,indigo latest sink,16,774
126,purple shiny waterbottle,122,930
0,lemon good hairspray,187,406
282,coral best shelf,18,749
189,red shiny pants,52,986
211,silver matte boots,191,953
232,bronze best table,20,64
246,indigo great chinos,34,569
86,maroon vintage coffee,38,394
107,khaki older slippers,176,533
104,beige vintage phone,196,211
184,silver latest Billy Bunter of Greyfriars School book,63,224
61,silver good battery,17,847
198,lilac vintage The Return of the King book,45,216
158,yellow good shampoo,47,18
109,maroon cool coffee,128,478
278,brown matte earphones,191,685
36,silver best pomade,90,477
214,pink great jogger,17,214
249,red good headset,1,325
296,green dull soundstation,195,33
50,burgundy dull plate,82,834
70,rust vintage cork,147,684
203,indigo great chinos,27,792
8,green vintage plate,10,67
49,teal best desktop,75,258
265,rust older projector,179,381
160,charcoal dull mixer,16,268
82,lime latest lithium,12,776
284,silver cool jegging,17,542
295,oatmeal older spatula,62,900
190,brown good hairspray,168,735
153,blush older lotion,80,951
109,rose vintage Swallows and Amazons book,67,311
31,lilac nice Swallows and Amazons book,175,792
98,salmon great stool,126,686
125,magenta nice stool,186,798
117,violet good khakis,98,85
217,brick good landline,59,379
179,tin great shoes,196,378
98,blush 5star pomade,75,714
194,blush 5star toaster,106,583
51,orange best supplement,121,257
145,blue vintage socks,155,310
175,magenta older foamroller,68,178
298,maroon older yogamat,48,895
231,yellow matte fork,119,526
84,teal matte yogamat,24,298
206,rose 5star case,30,830
76,black 5star dress,45,980
32,rust vintage dongle,138,118
39,tin latest flosser,138,528
77,brick good shampoo,27,37
140,silver quality Just William book,93,110
66,green latest The Railway Children book,94,512
278,lilac latest The Fellowship of the Ring book,160,171
192,cream shiny Just Jane book,106,944
245,bronze great shoes,132,777
266,lime quality smasher,122,676
32,violet older spoon,49,293
203,lilac latest tablet,52,99
70,lilac vintage The Return of the King book,133,137
292,lemon quality The Tale of Peter Rabbit book,148,152
132,brown matte raincoat,104,657
271,coral cool blazer,84,641
219,rose shiny slacks,144,796
225,pink dull router,127,765
268,lilac cool The Story of Doctor Dolittle book,113,303
219,lime 5star vitamin,114,478
44,gold shiny The Wind in the Willows book,1,225
139,yellow cool vitamin,2,81
142,bronze great Brendon Chase book,80,127
47,salmon nice case,177,3
168,tan older raincoat,195,998
63,black quality boots,24,815
169,yellow best buttonup,144,288
290,indigo older mousepad,161,560
253,coral great mat,108,811
96,tan older faucet,53,241
39,beige matte conditioner,152,352
38,grass matte ties,47,853
183,lime quality Swallowdale book,72,945
26,khaki shiny yogamat,60,886
98,khaki cool battery,50,160
286,maroon vintage coffee,43,506
286,charcoal latest tanktop,98,410
153,violet matte The Tailor of Gloucester book,167,190
178,grey shiny retainer,70,99
84,lime nice gel,166,814
131,purple cool The House at Pooh Corner book,150,892
0,coral 5star mask,17,810
246,tin cool longsleeveshirt,150,592
139,gold great brita,182,917
215,lilac quality chinos,126,717
44,blue good The Mystery of the Burnt Cottage book,78,546
42,yellow 5star Winnie-the-Pooh book,198,143
13,bronze matte sieve,91,328
121,coral latest The Little Grey Men book,181,437
249,khaki dull sweater,33,901
192,gold older raincoat,34,91
198,lime good shoes,177,774
74,tan cool headset,3,312
74,magenta quality buttonup,169,981
25,violet cool The Candle in the Wind book,172,212
282,rust dull A Little Princess book,73,354
258,yellow best buttonup,140,126
292,red vintage spatula,11,660
258,brown great Swallows and Amazons series book,162,950
33,coral cool The Lost Prince book,111,847
39,orange 5star The Abbey Series book,182,827
168,gold best jogger,176,266
297,lemon quality The Tale of Peter Rabbit book,115,966
136,"indigo 5star The Squirrel, The Hare and the Little Grey Rabbit book",121,524
249,khaki cool camera,50,409
199,oatmeal 5star legging,158,492
120,violet nice legging,93,781
91,coral dull The Camels Are Coming book,36,680
134,black 5star dress,52,281
282,blush vintage dish,168,88
235,violet good cable,151,393
160,rose vintage dress,11,435
281,salmon shiny faucet,54,493
210,burgundy cool phone,14,737
90,green dull landline,116,643
54,blush cool Swallows and Amazons series book,125,853
70,white dull conditioner,51,494
234,green 5star coffee,159,170
29,green older The Once and Future King book,119,281
216,violet cool fryer,132,89
253,beige shiny harddrive,105,4
51,magenta quality The Return of the King book,137,887
202,white best floss,118,840
97,rose quality belt,146,253
110,salmon vintage cable,135,678
111,beige vintage phone,182,214
276,yellow good protector,77,183
290,rust latest mousse,161,593
56,tan quality foambloack,69,643
79,tin shiny smasher,171,879
266,coral 5star projector,0,311
175,blue latest The Railway Children book,50,555
294,yellow latest pomade,10,966
256,lilac quality dress,156,360
211,blush cool protector,108,709
254,white latest legging,43,602
197,white great A Popular Schoolgirl book,70,202
214,charcoal dull stool,57,125
209,grass shiny longsleeveshirt,0,755
264,tin matte mattress,148,163
24,charcoal 5star ball,57,672
24,cream latest projector,44,447
23,blue nice moisturizer,42,470
110,rose 5star The Railway Children book,182,864
147,white older monitor,33,617
249,lime dull boombox,106,931
295,tan cool longsleeveshirt,44,225
142,blush vintage dish,139,123
151,coral older case,77,713
44,pink 5star tshirt,32,32
4,tan cool headset,189,258
81,rose older cable,57,468
54,grey shiny retainer,110,279
28,maroon matte slippers,192,411
207,brown vintage The Railway Children book,58,256
281,bronze cool supplement,182,745
24,maroon shiny endpiece,154,248
128,"indigo 5star The Squirrel, The Hare and the Little Grey Rabbit book",173,655
90,lemon quality flower,183,722
285,coral 5star mask,184,654
269,khaki good The Ill-Made Knight book,133,500
198,lilac vintage retainer,90,702
129,khaki good The Story of the Amulet book,187,586
80,gold great brita,67,395
52,silver good bandanas,92,882
138,black good bedframe,90,245
200,grass dull booties,126,796
46,teal best router,45,314
19,indigo great chinos,104,3
35,burgundy matte mask,170,912
168,burgundy good speaker,118,758
207,gold good hairspray,73,978
151,silver good battery,88,673
165,bronze good endpiece,195,294
159,brown quality can,45,949
140,grey shiny footrest,160,130
99,violet good cable,154,546
83,lilac latest The Fellowship of the Ring book,104,383
262,bronze vintage microwave,20,484
149,brick 5star khakis,104,276
106,grey 5star protector,134,567
23,coral dull The Sword in the Stone book,96,466
297,salmon 5star can,151,646
258,white older monitor,85,271
120,orange 5star mousse,8,313
284,lime vintage sofa,196,128
202,oatmeal best Swallows and Amazons series book,122,677
181,brick cool kettlebell,174,848
279,silver shiny Brendon Chase book,127,780
28,grey older coaster,180,887
231,cream cool cord,50,607
133,coral good boots,163,192
191,brown matte bar,14,920
133,grass nice stool,197,945
107,lilac cool countertop,89,560
134,beige good soap,85,820
