158,maroon 5star waterbottle,196,357
60,violet best shampoo,179,694
167,cream shiny Just Jane book,184,297
265,tan vintage The Ill-Made Knight book,185,314
195,tin shiny smasher,161,196
91,orange 5star mousse,23,209
54,tin quality keyboard,91,468
36,red latest supplement,48,712
158,rust quality supplement,189,304
292,white good yogamat,116,955
189,burgundy nice tanktop,174,630
148,red good headset,121,915
251,green latest hoody,164,941
198,gold great lithium,91,92
276,yellow older Swallowdale book,109,423
291,tin matte mat,190,517
229,orange good pill,2,272
204,rose great The House at Pooh Corner book,116,908
95,beige latest pill,153,651
58,yellow quality boombox,128,443
61,cream older cable,160,822
248,pink great tanktop,173,938
231,violet latest bowl,7,412
48,tin quality keyboard,18,956
37,purple cool shoes,37,678
52,burgundy vintage pill,108,517
102,rust good mixer,60,397
180,gold older The House at Pooh Corner book,39,846
255,grass 5star knife,161,779
281,khaki cool battery,26,599
19,brick best mask,128,117
5,rust vintage dongle,134,372
101,orange good protector,91,459
129,silver shiny The Once and Future King book,14,417
138,orange best phone,187,306
247,teal latest The House at Pooh Corner book,9,704
0,rust dull A Little Princess book,179,41
56,blush cool protector,54,457
3,maroon matte router,102,220
180,grass shiny mixer,86,131
165,magenta latest vitamin,45,48
156,teal matte battery,46,182
109,oatmeal nice mask,93,308
127,lime matte The Tale of Peter Rabbit book,152,401
26,lime latest khakis,39,130
69,beige 5star soundbox,194,727
62,silver good keyboard,109,502
20,cream great toothbrush,46,854
94,coral 5star shorts,72,806
267,violet cool fryer,5,54
76,khaki latest harddrive,9,490
9,rose nice lithium,42,976
79,lilac dull soundstation,101,289
87,gold quality hulahoop,104,954
253,green good pants,189,935
77,coral vintage tablet,73,596
57,green older glass,34,957
147,rust vintage sofa,68,491
75,blush best The Hobbit book,131,461
251,coral vintage glass,181,155
204,tan quality speaker,30,726
43,brown matte strainer,198,648
269,cream 5star mitts,98,619
104,blue nice harddrive,73,610
1,purple 5star plate,75,725
28,yellow matte fork,17,772
196,yellow nice hairbrush,70,505
276,burgundy great Winnie-the-Pooh book,197,961
5,tin older dumbbell,104,444
141,pink latest pill,127,590
156,khaki matte The Queen of Air and Darkness book,105,968
226,beige shiny gadget,34,52
159,pink latest pill,60,580
196,gold latest The Tale of Mrs. Tiggy-Winkle book,38,553
105,green quality volumizer,193,742
162,rust cool cup,155,879
64,charcoal matte shirt,130,649
193,magenta best charger,40,139
11,salmon great stool,133,459
206,beige best couch,155,997
75,red good headset,18,359
55,beige great footrest,185,437
34,white nice soap,93,437
66,grass great The Tale of Peter Rabbit book,106,723
127,pink 5star camera,57,404
197,lime dull boombox,18,870
88,white nice soap,11,729
146,teal quality suit,154,190
85,bronze quality mouse,17,633
131,purple cool The House at Pooh Corner book,151,75
140,purple nice The Sword in the Stone book,61,706
28,tan cool longsleeveshirt,171,49
108,lemon 5star smasher,144,198
208,blush vintage dish,119,402
228,lemon shiny conditioner,45,734
122,blue latest The Railway Children book,58,720
126,rust older The Little Lost Hen book,16,818
168,lilac 5star monitor,67,469
173,lime dull boombox,100,92
245,magenta older foamroller,10,273
84,beige cool mousse,68,614
271,blue best dress,149,891
203,rust dull A Little Princess book,183,194
230,red quality hairbrush,22,445
81,orange latest battery,10,972
186,rust vintage boombox,197,521
137,lime cool foambloack,48,808
74,blush shiny keyboard,135,756
129,red matte lamp,103,199
55,gold older cord,8,29
126,lime cool foambloack,163,418
257,oatmeal latest lighter,135,73
185,tin good mouse,70,58
177,grey latest Old Peter's Russian Tales book,128,550
89,brown older cork,122,908
148,tan best sieve,152,783
300,brown good Billy Bunter of Greyfriars School book,115,12
61,salmon quality Peter and Wendy book,171,926
63,brown good hairspray,134,546
251,indigo nice jeans,24,924
27,violet great foamroller,36,960
90,rust vintage sofa,71,944
91,indigo older cream,1,674
277,coral latest The Tale of Squirrel Nutkin book,199,695
179,bronze dull retainer,18,966
11,gold nice legging,191,358
79,teal great mask,29,771
72,gold 5star raincoat,167,404
253,violet great foamroller,154,413
171,pink great slacks,110,761
146,rose latest cream,146,669
61,oatmeal shiny chair,42,758
223,rose nice mouse,163,309
189,charcoal dull stool,42,319
230,coral quality shoes,77,952
7,blush good endpiece,2,822
180,beige matte hoody,197,749
89,salmon vintage cable,119,566
60,cream latest The Hobbit book,169,197
27,khaki older foambloack,133,320
63,lilac dull soundstation,31,233
10,blue vintage blazer,92,687
175,beige matte hoody,87,976
187,white latest The Two Towers book,110,19
186,rose 5star case,0,724
3,teal nice tablet,75,334
186,lilac quality ladle,106,126
102,beige matte gel,139,877
212,tin nice The Tale of the Pie and the Patty-Pan book,171,468
273,grass cool belt,5,981
21,lilac dull soundstation,194,565
251,orange 5star faucet,76,828
85,coral matte floss,74,978
70,grey quality dress,115,585
229,red 5star kettlebell,63,192
164,blush matte countertop,8,798
101,rust vintage boombox,101,978
125,brick cool battery,19,729
6,brick best rack,17,955
9,orange dull knife,36,767
254,cream shiny legging,98,348
240,lemon cool Dimsie Moves Up book,7,670
33,orange 5star faucet,4,683
116,gold cool toaster,141,1
286,blue best dress,163,884
75,charcoal good The Lord of the Rings book,71,334
25,purple quality couch,164,686
183,white great A Popular Schoolgirl book,50,842
124,yellow cool rack,164,143
38,grey nice trousers,185,604
205,tin quality The Story of the Amulet book,175,160
60,charcoal dull stool,193,872
284,blush vintage crewneck,98,9
107,lilac best earphones,115,205
175,rust vintage boombox,51,584
85,cream best Old Peter's Russian Tales book,38,135
219,coral cool The Lord of the Rings book,180,960
117,brick 5star khakis,78,345
4,silver best pomade,1,772
276,oatmeal nice cork,54,998
62,indigo nice jeans,6,125
300,black latest volumizer,182,383
293,salmon best desktop,13,554
189,coral shiny buttonup,17,161
186,blue cool The School at the Chalet book,24,860
21,cream shiny Just Jane book,0,916
2,pink great shampoo,5,961
213,pink cool shampoo,0,138
154,violet cool footrest,116,258
14,lemon 5star yogamat,20,51
76,grey 5star protector,24,443
272,purple cool flower,102,636
101,coral dull The Camels Are Coming book,180,844
88,brown older cork,29,391
35,black vintage pomade,95,118
77,cream quality cable,54,738
126,oatmeal quality shampoo,37,940
155,lime best jegging,39,220
36,khaki nice vitamin,44,21
205,violet 5star The Tale of Tom Kitten book,128,760
252,rust great A Little Princess book,57,345
182,white quality watch,113,274
85,beige dull soundbox,66,462
236,burgundy matte toaster,109,174
64,grass good case,140,40
228,black best The Secret Garden book,133,293
202,gold shiny No Boats on Bannermere book,154,225
198,tin latest flosser,49,311
295,brick great monitor,122,185
208,magenta 5star barstool,26,785
37,black matte earbuds,182,909
152,yellow quality pants,140,955
17,yellow good protector,138,413
265,brick older toothbrush,199,102
278,yellow matte yogamat,118,716
229,teal dull The Mystery of the Burnt Cottage book,72,166
250,maroon dull hulahoop,84,550
47,lilac quality ladle,115,848
163,cream 5star sieve,156,771
270,violet matte Peter and Wendy book,58,927
41,blush great booties,179,596
143,oatmeal dull Dimsie Goes To School book,170,841
86,magenta latest computer,65,787
183,bronze latest Brendon Chase book,52,388
217,yellow good foambloack,88,669
179,salmon cool shoes,16,413
111,coral vintage jogger,107,137
218,beige matte hoody,79,118
147,yellow best moisturizer,25,116
61,tin best harddrive,74,685
40,lime latest khakis,18,995
142,red older The Little Lost Hen book,58,610
116,rose good hulahoop,121,984
287,pink great slacks,138,698
253,yellow quality sectional,71,574
23,pink great jogger,81,428
114,magenta shiny soundstation,171,70
69,indigo great chinos,153,39
289,beige best couch,155,421
97,lilac dull soundstation,85,557
251,magenta vintage bedframe,117,319
55,beige dull footrest,122,801
192,lilac vintage shampoo,179,997
245,blue great jorts,4,397
249,indigo latest ties,67,119
180,tan quality foambloack,189,172
188,khaki shiny chair,160,675
48,brown latest strainer,109,817
230,grass matte moisturizer,77,753
77,rose latest cream,142,897
90,teal best desktop,36,488
225,magenta nice shoes,149,809
275,oatmeal cool stool,132,386
179,beige cool mousse,144,346
291,salmon quality Peter and Wendy book,189,427
74,red latest supplement,190,638
6,bronze latest Brendon Chase book,52,504
87,pink vintage harddrive,49,415
115,brick 5star khakis,90,382
203,brown good Billy Bunter of Greyfriars School book,181,227
299,charcoal dull mixer,104,910
192,violet nice legging,175,259
145,blush good spatula,135,374
1,tin latest boombox,70,771
264,lilac cool protector,100,281
188,grass 5star buttonup,55,613
281,tin 5star kettlebell,20,423
299,purple cool The House at Pooh Corner book,154,420
254,white dull conditioner,15,200
86,oatmeal vintage cup,191,781
202,maroon dull raincoat,186,141
62,lemon quality hulahoop,5,751
76,black vintage pomade,174,329
107,orange dull supplement,195,396
46,lemon 5star smasher,15,64
194,green great stool,26,555
57,salmon quality booties,185,721
289,black 5star jogger,100,636
26,khaki nice vitamin,126,888
86,white cool vase,74,146
262,blue cool The School at the Chalet book,177,25
61,black great mattress,173,393
267,brick matte chair,133,577
35,rose good The Little Grey Men book,83,610
148,yellow vintage Dimsie Goes To School book,50,914
240,white cool vase,47,543
3,coral 5star microwave,29,377
110,lime quality smasher,16,196
230,brown cool jegging,40,194
105,brown dull boombox,75,861
54,yellow quality sectional,26,45
116,coral older case,87,604
95,indigo great Swallows and Amazons series book,82,696
57,oatmeal best Swallows and Amazons series book,123,857
296,charcoal matte supplement,164,770
18,grass good mat,180,496
176,beige good soap,8,652
16,oatmeal cool stool,157,295
137,indigo older hulahoop,5,179
69,beige dull Winnie-the-Pooh book,156,514
66,maroon best chinos,32,724
161,rust older The Tale of Peter Rabbit book,141,387
236,yellow good dumbbell,99,279
228,cream nice computer,111,853
206,tan shiny television,86,518
277,teal dull desk,82,776
260,beige shiny gadget,147,592
83,magenta vintage chinos,34,582
32,blush good endpiece,93,260
75,grass good pomade,193,176
212,black shiny supplement,68,143
20,maroon 5star waterbottle,12,754
239,bronze dull retainer,175,58
229,white quality dish,40,411
286,grass cool belt,16,128
293,khaki cool gadget,176,363
45,burgundy cool phone,86,975
119,rust cool oven,85,878
151,rust dull A Little Princess book,47,156
48,burgundy cool tanktop,39,718
76,white vintage mixer,102,76
213,rust dull A Little Princess book,131,720
249,grey dull mousepad,74,789
70,brown dull flower,94,237
74,khaki latest harddrive,141,692
150,blush good endpiece,125,909
96,maroon matte router,134,994
125,rust older projector,188,639
74,blue cool camera,156,541
291,violet good khakis,7,381
186,brown vintage painting,111,881
117,rust quality trousers,94,322
281,green dull bar,176,496
197,burgundy nice tanktop,124,55
15,gold shiny No Boats on Bannermere book,8,457
179,burgundy matte toaster,181,282
292,blue shiny bar,180,783
258,brick matte Billy Bunter of Greyfriars School book,13,417
252,black latest belt,7,709
295,rust quality toothbrush,15,886
64,teal latest projector,175,63
176,silver good bandanas,116,437
264,magenta matte desk,116,25
15,lemon shiny table,94,608
36,oatmeal matte The Ill-Made Knight book,181,889
233,maroon 5star buttonup,154,931
200,beige older jacket,36,566
180,tin cool mousse,193,527
288,purple latest rug,66,246
115,bronze quality hoody,147,860
284,silver quality endpiece,116,736
48,orange vintage hairspray,63,706
188,brick 5star slacks,171,624
261,pink older soap,190,100
300,salmon quality booties,85,292
130,rose older crewneck,95,963
261,burgundy good longsleeveshirt,141,284
271,indigo dull headset,74,668
173,tin nice The Tale of the Pie and the Patty-Pan book,123,916
224,lilac quality dress,28,938
276,brown great Swallows and Amazons series book,177,999
25,oatmeal best Swallows and Amazons series book,73,953
84,burgundy good longsleeveshirt,87,852
69,yellow best stool,68,525
162,silver cool The Sword in the Stone book,76,476
119,orange vintage hairspray,31,671
3,cream best soap,39,673
86,blue cool camera,53,160
84,orange dull earbuds,148,66
134,grass shiny mixer,153,593
219,black older gadget,84,46
3,magenta matte mat,188,48
44,black older Just William book,21,935
164,violet best shampoo,178,467
70,orange great The Hobbit book,110,652
164,gold nice speaker,191,178
64,yellow great The Tale of Squirrel Nutkin book,78,258
10,rose cool whisk,179,136
113,burgundy older dress,45,813
205,blush dull gel,174,326
87,black vintage pomade,10,389
48,black latest volumizer,51,971
103,brick dull buttondown,197,809
217,lime cool dish,9,831
79,khaki older bar,38,60
65,indigo latest sink,77,893
32,coral latest The Tale of Squirrel Nutkin book,18,135
162,bronze quality The School at the Chalet book,81,590
257,coral 5star plate,2,504
297,cream older blazer,54,428
29,gold nice case,71,824
154,lime latest chinos,21,458
161,black cool bar,13,650
70,salmon good phone,144,733
185,gold 5star raincoat,90,381
102,charcoal 5star computer,171,349
81,brick good shampoo,35,774
123,magenta matte dish,61,892
140,blue 5star The Abbey Series book,113,40
213,orange good Billy Bunter of Greyfriars School book,190,11
61,brown dull flower,127,556
170,brown matte strainer,116,417
78,salmon good phone,0,467
254,purple quality cream,16,842
284,brick best rack,98,428
165,blue latest The Railway Children book,142,757
203,lemon 5star smasher,3,146
206,green latest brush,89,42
264,bronze great Brendon Chase book,125,480
50,gold 5star raincoat,149,581
152,grass best Just William book,131,36
50,lemon 5star yogamat,70,185
7,charcoal good earbuds,149,915
204,violet latest barstool,74,164
285,blue cool boots,173,286
239,green best yogamat,78,690
63,yellow vintage chair,132,845
84,blue vintage socks,171,584
101,purple shiny waterbottle,41,455
182,gold nice router,49,946
66,tin matte keyboard,156,266
72,grass great can,99,185
52,white shiny laptop,126,823
67,purple vintage peeler,42,228
15,coral great vitamin,70,379
241,lime latest chinos,170,566
127,cream dull can,25,315
206,maroon cool kettlebell,113,54
158,tin older dumbbell,162,96
298,magenta nice hairspray,37,448
284,gold latest The Tale of Mrs. Tiggy-Winkle book,45,787
12,red good charger,74,247
251,salmon quality faucet,129,596
20,oatmeal cool stool,96,443
291,blush older shampoo,96,25
160,orange latest battery,96,542
223,blue best television,135,94
21,cream best Old Peter's Russian Tales book,99,231
258,brick older toaster,68,729
114,oatmeal dull Five Children and It book,71,162
154,black vintage battery,55,595
95,coral 5star projector,16,870
71,teal nice soap,13,417
126,teal nice The Hobbit book,120,510
49,blush good endpiece,72,167
174,pink dull lotion,74,289
288,lemon latest The Tailor of Gloucester book,134,878
40,magenta vintage keyboard,96,714
189,tan quality foambloack,129,524
48,orange dull knife,196,119
32,brick great monitor,57,57
150,yellow nice Five Children and It book,10,324
246,tin quality The Story of the Amulet book,10,208
292,yellow good dumbbell,110,19
219,brick matte Peter and Wendy book,156,921
282,charcoal matte shirt,178,227
48,lilac vintage retainer,5,9
232,oatmeal cool soap,144,694
22,yellow quality jeans,171,389
34,maroon great television,165,52
89,coral quality shoes,164,996
80,indigo dull headset,70,131
61,blush vintage dish,57,939
193,bronze older sweatshirts,178,604
275,black latest pomade,11,452
183,brown good toothbrush,124,905
108,rose nice mouse,126,567
140,indigo older sweatshirts,44,12
45,bronze matte ladle,39,859
130,orange great The Hobbit book,129,770
187,red great Old Peter's Russian Tales book,81,753
239,oatmeal vintage The Magic World book,180,116
143,beige nice protector,41,444
222,indigo vintage brush,1,671
10,brown matte strainer,119,397
108,brown matte bar,170,453
34,grass shiny mixer,150,780
58,rust older The Little Lost Hen book,79,393
90,lime dull boombox,72,732
123,black quality projector,77,325
83,yellow older Swallowdale book,91,300
129,gold great lithium,172,73
254,maroon great television,59,654
102,beige matte hoody,110,270
124,rose vintage router,76,928
30,white matte router,128,153
272,salmon great The Wind in the Willows book,153,154
212,rose older conditioner,36,409
58,magenta good The Ill-Made Knight book,185,936
135,red best dumbbell,54,228
82,coral 5star projector,196,819
210,gold great brita,54,387
37,coral cool The Lost Prince book,174,547
118,brick best mask,147,528
277,indigo quality earbuds,13,743
220,green great stool,109,41
109,rust latest mousse,138,756
33,charcoal older jogger,199,761
261,beige dull footrest,191,84
106,white best socks,178,425
