93,khaki older spoon,212,84
140,tan dull monitor,107,868
123,oatmeal vintage soap,141,946
53,magenta latest router,148,263
116,lime dull computer,809,432
157,pink matte Dimsie Goes To School book,439,33
24,burgundy quality crewneck,362,339
53,teal dull The Ill-Made Knight book,100,685
75,brown latest dumbbell,302,895
152,orange good protector,499,941
191,grass shiny chair,718,385
130,magenta latest The Story of the Amulet book,624,980
181,green vintage blazer,722,879
191,rose good slippers,246,112
56,coral best foambloack,446,459
94,coral good sweater,275,81
39,grass shiny chair,770,931
171,lilac best soap,186,353
191,black 5star hairbrush,242,787
98,silver shiny phone,658,584
52,black shiny cup,584,158
15,orange nice stool,411,236
97,lemon good bandanas,911,622
60,rose dull mousepad,307,696
175,red vintage The Little Lost Hen book,816,8
76,brown latest glass,646,449
79,teal best foamroller,151,578
15,black latest suit,260,782
89,tin great fork,853,629
60,oatmeal good waterbottle,238,186
181,purple latest foambloack,61,355
59,rose shiny shoes,43,387
59,rust quality footrest,982,451
56,red vintage headset,733,228
50,rust good The Tailor of Gloucester book,568,527
13,yellow good suit,998,39
160,tin great laptop,409,985
122,rust latest can,400,685
112,purple latest blazer,266,301
61,black matte toothbrush,221,422
4,green shiny mousse,273,324
197,rust best mousse,963,806
186,beige cool couch,801,4
130,blue older cup,894,733
137,orange shiny strainer,679,481
130,yellow matte coaster,234,122
122,pink good jeans,222,493
123,tin dull The Wind in the Willows book,933,708
145,blush shiny bag,567,940
144,indigo latest headset,325,481
64,brick best tshirt,885,235
118,grey great lotion,637,886
57,maroon cool sweater,273,590
112,teal cool mat,767,421
54,bronze great desk,981,596
25,coral shiny yogamat,965,817
70,rose dull crewneck,378,728
113,white quality booties,737,187
173,burgundy nice camera,469,117
141,maroon vintage earphones,41,1
93,pink matte Old Peter's Russian Tales book,632,723
43,orange best shirt,947,760
53,"black quality The Squirrel, The Hare and the Little Grey Rabbit book",308,509
62,lilac vintage dongle,955,88
102,rose good slippers,670,162
69,oatmeal great The Once and Future King book,442,466
112,pink quality hoody,114,216
172,maroon cool sweater,254,86
183,gold dull trousers,487,715
130,cream quality cork,855,549
173,blue dull harddrive,226,17
147,maroon best mask,699,827
129,beige latest Swallows and Amazons book,198,192
14,grey latest earphones,729,971
128,gold shiny The Sword in the Stone book,268,635
170,maroon best jogger,101,503
18,maroon shiny Biggles Flies East book,419,745
19,bronze dull yogamat,155,379
59,violet dull The Story of the Amulet book,860,681
150,coral 5star tablet,279,845
10,blue good bar,192,785
104,tan nice speaker,526,903
134,bronze best mouse,827,831
48,grass vintage cable,414,826
48,lilac vintage slippers,650,997
183,oatmeal quality pants,199,43
143,purple 5star pants,824,24
15,yellow shiny tablet,595,12
50,lilac latest soap,191,681
14,indigo older dress,906,686
161,maroon shiny Biggles Flies East book,624,824
42,gold nice jegging,317,6
76,grass matte yogamat,769,134
1,blush great chinos,810,492
3,purple matte The Lord of the Rings book,55,271
15,red best landline,782,70
183,rust best router,128,152
90,white shiny laptop,87,503
76,lemon dull Dimsie Goes To School book,626,264
174,magenta quality coffee,284,523
181,orange cool pomade,267,461
49,lime best shampoo,103,547
113,bronze great conditioner,187,736
148,lime dull hairspray,151,165
158,black vintage The Tale of Peter Rabbit book,839,705
45,salmon good coffee,919,630
153,rust good phone,588,240
169,khaki latest The Ill-Made Knight book,840,485
117,red matte dish,728,899
90,lime 5star ladle,856,301
63,brown older Five Children and It book,823,450
76,salmon vintage jacket,199,291
197,brown vintage keyboard,172,371
44,brown best watch,782,308
196,grass vintage floss,139,566
65,brick great The Camels Are Coming book,452,374
191,yellow dull foamroller,674,566
187,lilac matte Brendon Chase book,697,824
105,oatmeal latest hoody,131,352
1,blush 5star hairbrush,3,418
150,white great toothbrush,185,706
147,purple dull peeler,707,986
27,oatmeal latest kettlebell,811,635
78,orange 5star mattress,316,277
176,indigo dull brita,94,254
138,oatmeal best microwave,516,976
106,magenta older speaker,437,170
171,teal dull flosser,789,919
44,lime 5star smasher,261,492
104,khaki dull The Abbey Series book,358,106
168,cream best buttondown,486,91
11,brown great speaker,810,889
107,salmon vintage monitor,739,209
64,cream older supplement,707,804
5,khaki good keyboard,796,681
104,gold shiny The Sword in the Stone book,635,95
10,violet shiny projector,241,800
2,black best battery,878,913
172,maroon shiny Biggles Flies East book,317,225
51,purple latest soundstation,471,162
166,white latest No Boats on Bannermere book,227,983
156,charcoal older retainer,50,865
51,silver cool brita,634,643
113,brown good khakis,797,649
6,brick 5star monitor,309,720
79,orange latest yogamat,358,541
155,lemon dull The House at Pooh Corner book,454,431
199,grass nice projector,343,92
103,white good bar,741,794
141,lilac best suit,744,83
88,grey good ladle,741,570
9,brown dull knife,286,440
47,oatmeal good waterbottle,155,737
17,brick vintage earbuds,173,222
59,grass shiny chair,950,628
24,green matte bookshelf,713,788
77,violet shiny projector,970,304
136,khaki matte Dimsie Goes To School book,537,94
77,grass latest The Railway Children book,707,907
121,grass best jorts,786,857
24,pink best Just William book,282,178
47,tan vintage sweatshirts,654,869
77,blush latest kettlebell,479,43
51,charcoal nice mousse,992,366
26,grey cool Swallowdale book,759,12
10,brown vintage rack,318,331
26,bronze latest supplement,641,757
176,black cool bandanas,281,697
110,magenta great jegging,936,784
100,brick best Brendon Chase book,49,426
101,rose matte The Tale of Peter Rabbit book,526,508
101,pink matte Dimsie Goes To School book,661,633
132,blush dull headset,727,111
66,brown best pants,948,964
175,tin nice The Story of Doctor Dolittle book,669,593
129,blush dull headset,556,859
0,salmon cool The Tale of Tom Kitten book,803,826
112,tan dull Five Children and It book,537,920
72,oatmeal quality The Ill-Made Knight book,282,41
84,black dull spatula,37,103
65,teal matte flosser,797,330
129,magenta nice The Hobbit book,925,555
19,black matte rack,685,142
94,grey shiny buttonup,969,774
153,teal shiny dishwasher,502,703
155,oatmeal latest mixer,484,460
99,pink best Just William book,153,298
47,maroon good blazer,182,288
127,rose dull vitamin,636,550
71,tan good sofa,554,162
126,rose shiny khakis,151,146
74,charcoal older retainer,59,886
50,blush best computer,784,714
69,purple cool cream,883,506
100,red good buttondown,888,712
163,lilac dull pomade,799,419
39,red 5star desktop,206,954
27,black good hulahoop,973,22
111,purple quality sieve,548,799
98,lemon dull The House at Pooh Corner book,722,321
170,teal vintage jeans,618,996
59,lime great moisturizer,389,758
159,indigo great The Camels Are Coming book,477,222
79,maroon quality ties,424,526
6,lilac cool The Tale of the Pie and the Patty-Pan book,471,80
163,white older foamroller,272,121
171,blush great chinos,448,377
16,lime shiny soundstation,401,228
91,brown latest battery,815,348
160,brick best pill,923,100
141,teal latest camera,784,830
191,beige 5star pill,146,429
78,brown quality mixer,883,475
148,black shiny cup,745,114
121,grey dull The House at Pooh Corner book,899,338
89,brick matte rack,748,345
31,maroon quality booties,613,373
30,grey dull buttondown,855,78
172,blue nice pomade,519,127
92,teal older speaker,326,674
74,cream great belt,118,121
46,cream best mitts,331,576
63,orange great pomade,740,502
50,brick dull Dimsie Goes To School book,36,812
59,bronze great desk,790,803
194,beige great Swallows and Amazons book,240,53
54,orange good slippers,896,894
7,bronze 5star monitor,802,390
145,rose shiny shoes,261,528
153,brown latest trousers,337,677
65,rose quality soap,708,576
150,tin best slippers,599,253
6,maroon matte toothbrush,655,721
36,rose quality soap,843,802
81,indigo vintage The Tale of Peter Rabbit book,969,939
50,white great The Mystery of the Burnt Cottage book,789,562
14,white quality booties,698,526
189,maroon good blazer,779,127
145,white good Dimsie Moves Up book,634,140
33,pink latest crewneck,448,700
24,grass latest sectional,706,964
100,lemon good sofa,105,107
84,blush vintage belt,784,1000
131,black latest The Tale of Tom Kitten book,856,261
7,lilac nice television,855,398
21,lilac 5star soap,781,180
14,bronze cool foambloack,685,547
70,grass great bandanas,300,827
132,indigo older cream,293,867
115,violet good The Ill-Made Knight book,477,133
183,bronze great conditioner,524,969
44,gold nice jegging,654,567
6,tin nice soundbox,848,148
150,rust good phone,90,311
68,blue shiny Swallows and Amazons book,508,940
186,rust shiny conditioner,147,330
181,"green dull ""The Little Bookroom book",970,742
179,violet best Old Peter's Russian Tales book,496,475
190,yellow dull waterbottle,145,706
62,brown quality toothbrush,59,503
87,lilac nice television,747,146
112,salmon matte mousse,704,22
136,brick cool candle,905,760
2,cream good buttondown,801,242
140,oatmeal good waterbottle,30,847
90,rose shiny shoes,444,441
175,beige older kettlebell,298,361
1,lime dull monitor,171,155
8,salmon matte mousse,719,200
19,white best Brendon Chase book,844,147
97,orange shiny strainer,744,333
189,maroon shiny Biggles Flies East book,435,291
39,indigo matte jogger,859,51
35,grass quality dumbbell,983,461
106,beige nice Biggles Flies East book,450,263
45,yellow shiny tablet,858,105
64,grass great foambloack,413,624
58,pink best raincoat,924,785
132,blue vintage sofa,656,532
189,blue matte The Railway Children book,625,420
166,purple quality Swallowdale book,560,974
33,brick quality sweater,138,730
100,pink best Just William book,559,862
186,magenta great The Secret Garden book,36,964
146,rust best volumizer,271,859
15,tan vintage microwave,399,967
157,blush great shorts,437,865
42,rose cool Dimsie Moves Up book,822,714
170,lilac best vitamin,803,203
127,oatmeal nice computer,173,885
26,lime cool Winnie-the-Pooh book,511,139
8,black great projector,164,184
76,orange cool pomade,313,962
72,coral nice soundbox,722,437
160,silver quality earphones,457,433
88,charcoal dull cable,763,536
31,green great lamp,577,861
98,brick good Five on a Treasure Island book,944,318
65,black great projector,942,270
131,beige nice Biggles Flies East book,97,570
114,black 5star battery,803,174
161,rose 5star The Tale of Tom Kitten book,511,417
120,brown cool Swallows and Amazons book,939,450
147,green quality slippers,819,42
21,grey quality mask,98,431
161,rose older monitor,356,993
192,burgundy dull sweatshirts,331,119
53,beige 5star microwave,68,802
82,white shiny knife,581,832
73,coral nice retainer,912,748
24,purple shiny The Lost Prince book,523,72
2,salmon dull soap,987,375
69,blush quality waterbottle,18,132
120,black great projector,34,35
99,rust great kettlebell,585,961
100,blush nice router,185,270
92,blush dull harddrive,854,307
19,oatmeal dull jegging,629,921
68,"white shiny The Squirrel, The Hare and the Little Grey Rabbit book",276,221
156,teal nice foamroller,967,811
32,teal vintage desktop,4,848
39,rose latest vitamin,57,712
23,indigo dull projector,652,82
57,pink great vase,916,119
136,grass latest legging,298,199
39,black 5star Swallows and Amazons series book,384,553
116,pink best raincoat,425,943
175,violet dull The Abbey Series book,647,367
187,rust best Dimsie Goes To School book,593,357
80,yellow good The Queen of Air and Darkness book,968,439
46,bronze good countertop,913,653
101,silver dull The Ill-Made Knight book,131,905
51,brick 5star soundbox,375,707
170,blush shiny bag,344,734
3,tan latest soundstation,484,165
147,white dull gel,159,468
57,cream dull ladle,629,43
24,indigo latest headset,250,605
46,violet older The Tale of Squirrel Nutkin book,308,16
90,pink good dishwasher,301,338
69,violet vintage gadget,517,738
11,pink vintage tanktop,586,523
0,pink quality hoody,892,492
186,rose great fork,161,403
71,yellow dull waterbottle,263,394
152,tin great fork,693,333
35,pink latest bookshelf,156,366
103,yellow dull phone,72,509
148,rust best buttonup,310,645
76,green nice peeler,183,362
83,lilac vintage dongle,695,909
36,salmon dull crewneck,598,645
90,rust cool gadget,235,268
104,oatmeal dull jegging,396,467
159,pink vintage tanktop,634,945
57,khaki good battery,709,408
115,violet best Old Peter's Russian Tales book,331,830
10,grass shiny chair,465,372
163,oatmeal vintage soap,3,318
127,charcoal quality The Little Grey Men book,839,394
83,black quality mouse,198,752
144,salmon dull crewneck,453,81
168,red matte dish,532,472
184,red nice chair,101,961
61,rose great fork,493,309
155,indigo dull brita,105,971
52,grey older headset,345,155
151,beige great cork,489,227
177,khaki latest couch,603,362
193,rust great harddrive,900,436
84,brick best pill,197,881
41,lemon best shoes,943,760
158,teal good The Hobbit book,383,761
60,rust good mousse,723,24
156,indigo good Swallowdale book,559,24
40,green great shirt,561,762
179,indigo vintage No Boats on Bannermere book,336,710
123,teal shiny camisole,54,184
57,pink matte dumbbell,502,233
143,yellow matte coaster,371,339
195,khaki good laptop,131,417
175,tan dull boots,506,869
40,teal 5star tablet,67,670
148,burgundy dull bar,808,692
15,brown dull knife,738,789
46,salmon best desk,394,886
10,brown latest desktop,167,11
101,oatmeal best cream,233,224
36,khaki older chinos,999,488
51,tin vintage sweatshirts,209,219
99,oatmeal nice volumizer,465,952
151,lilac dull pomade,138,885
114,teal best boots,55,642
34,blue vintage mousepad,570,447
131,brown vintage bar,951,579
59,bronze cool cup,604,899
116,charcoal latest brush,454,385
124,tin dull The Abbey Series book,250,627
162,blue best soundbox,648,644
19,blush matte The Camels Are Coming book,575,776
112,brick great shorts,241,987
132,grass great bandanas,491,692
142,salmon older harddrive,655,183
20,maroon dull landline,410,497
17,bronze latest longsleeveshirt,700,877
74,blush older camera,955,233
38,grass best harddrive,171,94
174,silver matte The Queen of Air and Darkness book,54,470
198,teal quality camera,614,333
83,salmon older shampoo,572,327
199,tan latest soundstation,987,339
128,lilac latest soap,22,422
106,coral matte The Little Grey Men book,779,352
107,gold dull faucet,849,156
67,coral latest The Fellowship of the Ring book,336,389
79,grey older shirt,443,733
76,green cool landline,693,186
55,brown good barstool,194,748
186,rust great kettlebell,193,725
134,silver matte mouse,104,344
12,black dull bandanas,509,120
189,salmon good case,894,272
46,cream good buttondown,363,245
117,magenta vintage charger,713,557
93,maroon dull The Magic World book,793,537
146,green best trousers,196,876
97,grass 5star waterbottle,207,74
7,green vintage Just William book,392,112
0,red shiny moisturizer,709,129
90,tin great charger,642,886
5,magenta dull table,711,983
73,khaki dull endpiece,445,625
57,charcoal 5star boots,755,830
9,rust good mousse,888,359
53,magenta quality coffee,262,296
199,lime shiny soundstation,100,272
119,lime great moisturizer,400,957
46,oatmeal great soap,449,59
53,indigo latest dumbbell,363,849
44,lime good oven,738,594
111,salmon good case,346,758
40,purple 5star The House at Pooh Corner book,748,745
168,khaki best flosser,996,28
66,brown great The Tale of Squirrel Nutkin book,365,718
63,beige cool couch,567,347
110,brown dull yogamat,334,604
19,white good foambloack,354,200
74,burgundy matte slippers,501,663
32,oatmeal great The Once and Future King book,382,133
130,oatmeal good slippers,587,684
55,oatmeal great Brendon Chase book,484,899
195,blush good dish,584,550
109,silver 5star Winnie-the-Pooh book,867,436
83,rose quality pomade,442,852
38,beige good laptop,656,846
120,silver 5star The Wind in the Willows book,325,972
168,grey dull buttondown,483,21
198,indigo latest monitor,246,892
19,brick dull The Little Lost Hen book,400,181
144,gold quality jogger,16,589
1,brick vintage Five on a Treasure Island book,260,208
4,red nice spatula,721,54
51,beige great cable,244,959
199,burgundy dull fryer,449,728
54,magenta shiny lotion,903,584
144,salmon great jeans,245,802
60,tin shiny The Once and Future King book,753,627
132,rust quality footrest,54,983
71,charcoal matte hoody,941,672
105,khaki cool coffee,632,717
78,blush 5star tablet,687,315
140,gold shiny The Sword in the Stone book,146,301
116,pink 5star hairspray,380,881
128,cream older supplement,940,760
26,bronze matte suit,5,957
17,pink good spatula,997,388
197,lemon great soundbox,14,952
157,blue dull coffee,60,386
15,green cool lithium,913,978
91,rust vintage plate,604,8
164,green shiny ball,542,961
14,grass best waterbottle,923,280
16,green best mouse,130,76
22,rust best conditioner,968,6
149,brick good ball,716,99
15,blue great waterbottle,635,882
171,gold quality slippers,24,930
66,white good foambloack,192,976
131,coral cool Swallows and Amazons book,343,298
156,brown cool earbuds,635,473
111,brick matte lotion,468,892
171,khaki dull endpiece,117,146
150,orange matte The Return of the King book,352,726
25,bronze best spoon,796,646
110,burgundy dull fryer,552,925
52,rose older kettlebell,321,876
108,bronze older camisole,527,39
131,tan dull monitor,554,331
