0,Bursting Baskets813
1,Adaline’s Wardrobe437
2,Bursting With Fruit730
3,Burgundy Boutique933
4,Budget Banquet333
5,Ambrosia Store298
6,Ancient Crust424
7,Carbonated Corner430
8,Ancient Grounds543
9,Bursting With Fruit187
10,Catered Care573
11,Best Discount164
12,Best of Harvests365
13,Chapeau Chic650
14,BALENCIAGA237
15,African Paradise580
16,Careful Dishing573
17,Charlie’s Retail642
18,Berry Farm563
19,By the Handful997
20,Anytime Buys391
21,Best Mart821
22,Best of Harvests989
23,Business Bustle851
24,Better Buys577
25,Cheat on Wheels721
26,Burgundy Boutique809
27,Changing Seasons297
28,Burly Giggles648
29,Bean Box779
30,Billowy Love653
31,Burton815
32,Bon Comida317
33,Beef Quest807
34,Bean Box430
35,Blush Boutique665
36,Blessed Fruits408
37,Big Mart952
38,Butter Buds277
39,Budget Banquet867
40,Chowhound559
41,Ancient Grounds224
42,Body Canvas363
43,Cafe Linger909
44,Charlie’s Retail568
45,American Blues825
46,Body Canvas277
47,Celestial Citrus Farms632
48,Bikini Beans649
49,Chaperon587
50,American Eagle Shop317
51,Brick And Cyber447
52,Around The Clock Shop135
53,Banana Wear853
54,Banana Wear640
55,Charm Farm505
56,Blue Diamond154
57,Bon Comida878
58,BestBuy482
59,Baskets Of Berries730
60,Catered Care498
61,Blue Market825
62,By the Handful354
63,Charming Charlotte571
64,Business Bustle312
65,Anytime Buys439
66,Bursting With Fruit934
67,Berries Galore487
68,Charlie’s Retail644
69,Business Bustle722
70,All My Grace472
71,Celestial Citrus Farms490
72,Bumble Bee Boutique970
73,Cafe Linger158
74,Addiction Like940
75,Berry Farm796
76,Bien Habillé470
77,Chaperon459
78,Butter Buds606
79,Chic Château709
80,Chowhound908
81,Cafe Linger246
82,Charlie’s Retail672
83,Apple Grand Central737
84,Actioner Sports Store618
85,Bluebird Store287
86,Burlington442
87,Charming Charlotte259
88,Charming Charlotte258
89,Bean Box922
90,Authentic Shoppe102
91,Careful Dishing377
92,Budget Beauty801
93,Bayside Cavern876
94,Boomers Apparel447
95,Ancient Crust537
96,All My Grace982
97,Boutique de Paris845
98,Chaperon670
99,Bien Habillé988
100,Banana Wear913
101,Bella Bella Boutique479
102,Blue Market602
103,Body Canvas691
104,Ancient Crust716
105,Addiction Like181
106,Banana Wear651
107,BALENCIAGA492
108,Charm Farm656
109,Ambrosia Store434
110,Chapeau Chic744
111,Apple Grand Central214
112,Authentic Shoppe653
113,Budget Beauty694
114,Actioner Sports Store963
115,Actioner Sports Store608
116,Blue Market334
117,All My Grace542
118,Bayside Cavern481
119,Budget Beauty503
120,Burgundy Boutique440
121,Authentic Shoppe318
122,Blue Mall956
123,Chateaux895
124,Bountiful Berries154
125,Bayside Cavern216
126,Charlie’s Retail991
127,Ambrosia Store809
128,Blue Mall605
129,American Eagle Shop281
130,Blessed Bounty389
131,Blue Mall667
132,Around The Clock Shop921
133,Boomers Apparel725
134,All My Grace450
135,Bursting With Fruit781
136,American Eagle Shop553
137,Ancient Grounds502
138,Burgundy Boutique287
139,Butter Buds445
140,Big Mall579
141,BALENCIAGA939
142,Anytime Buys899
143,American Blues273
144,Best Discount472
145,Chic Château299
146,BALENCIAGA468
147,Bikini Beans592
148,Berry Land386
149,Chateaux417
150,Apple Blossoms859
151,Bikini Beans507
152,Careful Dishing162
153,Best Discount384
154,Cheeky Chic610
155,Campfire Clothes966
156,Butter Buds983
157,Berry Land716
158,Catered Care293
159,Best of Harvests727
160,Ambrosia Store813
161,Baskets Of Berries180
162,Big Mall531
163,Cheereal434
164,Business Bustle232
165,Charming Charlotte127
166,Bikini Beans305
167,Celestial Citrus Farms410
168,Burly Giggles490
169,Bayside Cavern779
170,Cafe Linger327
171,Banana Wear742
172,Bon Comida725
173,Business Bustle853
174,Burgundy Boutique780
175,Bloomingdale’s168
176,Bursting Baskets334
177,Blue Shelves972
178,Burlington700
179,Ancient Crust899
180,Bluebill Open mall202
181,Budget Banquet507
182,Authentic Shoppe974
183,Blue Market586
184,Brandy Melville378
185,Changing Seasons213
186,Bien Habillé136
187,Cavern Cooks999
188,Adaline’s Wardrobe797
189,Charlie’s Retail152
190,Choose And Track855
191,Burton342
192,Chaperon881
193,Best of Harvests791
194,Blackbird Boutique788
195,All Things More922
196,Campfire Clothes448
197,Apple Blossoms817
198,Boomers Apparel580
199,Berries And Bushes504
500, B's Bees
501, Vik's Shop