jMMHjeM@gmail.com,XmMqUUYzZJDjxogHoKqr,HWFHJ,SUAPp,GMFiKFJjGAvAeIRcwKZh,13.210132454888301
EQGLMLA@gmail.com,tQtvXybooGfAGHrvcHbv,YEHhO,EmNhn,mAVbiEkdvWBGpAeDbzkB,284.441271203493
vCOZqXz@gmail.com,JgDhYJXGxYVaYNQjcHGw,PSLcl,HJCBN,qIlyWNdiYwMbKmpqOHJO,220.3190500217511
fnLIaWc@gmail.com,eDheLrPEIwWDWaicxJOA,FLFZr,ZyLlQ,HbwDhVwuYfGRPEYWsziS,54.638408744158085
RyMOhMs@gmail.com,YBVkUAfxclPWvUVdsPuJ,hyiBQ,LpIDD,luEHAvwPPUjAFJhcjLhg,222.83809445814734
nSCfCvw@gmail.com,lmBavOXCqFSyRkyLOybI,mWEug,endnG,klDkwFxWWVqbtYMFeDYY,50.05669934802771
IFGQNlQ@gmail.com,PAYMfNosWwRMXhRSofuX,cAUem,dOfIT,zsdvqoyShbMrRkhRCqCh,135.5375742753397
lIOPCgE@gmail.com,KuPOKCdgZbCBaRaNVctt,Uqrqp,IOaAv,zMbgUeTQxXCozlxHtLWp,60.36864764346929
DbVfECr@gmail.com,JqWTsuxgyWvFUyqvttmS,oIaQJ,yiBhI,RvjBLoitjdPgJKrBUkZt,299.6906192205531
jfUMqcA@gmail.com,bneqsvdImlWBYVWevmIE,aJAEH,YydYe,oYkPWFAvEbouiutRBlJN,119.62226352413325
